{"cameraMode":{"drawMode":0,"name":"Shaded","section":"Shading Mode"},"sceneLighting":false,"audioPlay":false,"sceneViewState":{"m_AlwaysRefresh":false,"showFog":true,"showSkybox":false,"showFlares":true,"showImageEffects":true,"showParticleSystems":true,"showVisualEffectGraphs":true,"m_FxEnabled":true},"in2DMode":false,"pivot":{"x":-3.832144260406494,"y":11.054483413696289,"z":66.64868927001953},"rotation":{"x":0.03718119487166405,"y":-0.003902456723153591,"z":-0.0001396810112055391,"w":-0.9993099570274353},"size":48.337764739990237,"orthographic":false}