{"cameraMode":{"drawMode":0,"name":"Shaded","section":"Shading Mode"},"sceneLighting":false,"audioPlay":false,"sceneViewState":{"m_AlwaysRefresh":false,"showFog":true,"showSkybox":false,"showFlares":true,"showImageEffects":true,"showParticleSystems":true,"showVisualEffectGraphs":true,"m_FxEnabled":true},"in2DMode":false,"pivot":{"x":-3.235475540161133,"y":21.220657348632814,"z":66.60678100585938},"rotation":{"x":0.031181057915091516,"y":-0.015896836295723916,"z":-0.0004904603702016175,"w":-0.9993961453437805},"size":48.585880279541019,"orthographic":false}