{"cameraMode":{"drawMode":0,"name":"Shaded","section":"Shading Mode"},"sceneLighting":false,"audioPlay":false,"sceneViewState":{"m_AlwaysRefresh":false,"showFog":true,"showSkybox":false,"showFlares":true,"showImageEffects":true,"showParticleSystems":true,"showVisualEffectGraphs":true,"m_FxEnabled":true},"in2DMode":false,"pivot":{"x":0.4215542674064636,"y":1.3540626764297486,"z":-1.1512795686721802},"rotation":{"x":0.0010840874165296555,"y":0.9943291544914246,"z":0.010132134892046452,"w":-0.10599762201309204},"size":1.2065128087997437,"orthographic":false}