{"cameraMode":{"drawMode":0,"name":"Shaded","section":"Shading Mode"},"sceneLighting":false,"audioPlay":false,"sceneViewState":{"m_AlwaysRefresh":false,"showFog":true,"showSkybox":false,"showFlares":true,"showImageEffects":true,"showParticleSystems":true,"showVisualEffectGraphs":true,"m_FxEnabled":true},"in2DMode":false,"pivot":{"x":-5.713292121887207,"y":25.327322006225587,"z":-3.802616596221924},"rotation":{"x":0.04616666957736015,"y":0.017075372859835626,"z":0.0007901656208559871,"w":-0.9988005757331848},"size":7.996222496032715,"orthographic":false}