{"cameraMode":{"drawMode":0,"name":"Shaded","section":"Shading Mode"},"sceneLighting":true,"audioPlay":false,"sceneViewState":{"showFog":true,"showMaterialUpdate":false,"showSkybox":true,"showFlares":true,"showImageEffects":true,"showParticleSystems":true},"in2DMode":false,"pivot":{"x":-2.464590072631836,"y":8.808409690856934,"z":-20.986251831054689},"rotation":{"x":-0.11544666439294815,"y":0.04229981079697609,"z":-0.00492091802880168,"w":-0.9924051761627197},"size":4.019521713256836,"orthographic":false}