{"cameraMode":{"drawMode":0,"name":"Shaded","section":"Shading Mode"},"sceneLighting":false,"audioPlay":false,"sceneViewState":{"m_AlwaysRefresh":false,"showFog":true,"showSkybox":false,"showFlares":true,"showImageEffects":true,"showParticleSystems":true,"showVisualEffectGraphs":true,"m_FxEnabled":true},"in2DMode":false,"pivot":{"x":16.787919998168947,"y":17.451217651367189,"z":65.0983657836914},"rotation":{"x":0.0026783538050949575,"y":-0.0937681570649147,"z":-0.0002478385576978326,"w":-0.9956018328666687},"size":47.94526290893555,"orthographic":false}