{"cameraMode":{"drawMode":0,"name":"Shaded","section":"Shading Mode"},"sceneLighting":false,"audioPlay":false,"sceneViewState":{"m_AlwaysRefresh":false,"showFog":true,"showSkybox":false,"showFlares":true,"showImageEffects":true,"showParticleSystems":true,"showVisualEffectGraphs":true,"m_FxEnabled":true},"in2DMode":false,"pivot":{"x":0.1627361923456192,"y":0.33133718371391299,"z":-0.7087739706039429},"rotation":{"x":-0.05876689404249191,"y":-0.018871909007430078,"z":0.0011110774939879776,"w":-0.9981014728546143},"size":1.2196444272994996,"orthographic":false}