{"cameraMode":{"drawMode":0,"name":"Shaded","section":"Shading Mode"},"sceneLighting":false,"audioPlay":false,"sceneViewState":{"m_AlwaysRefresh":false,"showFog":true,"showSkybox":false,"showFlares":true,"showImageEffects":true,"showParticleSystems":true,"showVisualEffectGraphs":true,"m_FxEnabled":true},"in2DMode":false,"pivot":{"x":-4.430955410003662,"y":27.889568328857423,"z":54.21208190917969},"rotation":{"x":0.03718018904328346,"y":-0.008399296551942826,"z":-0.0003069944214075804,"w":-0.9992822408676148},"size":48.20975875854492,"orthographic":false}