{"cameraMode":{"drawMode":0,"name":"Shaded","section":"Shading Mode"},"sceneLighting":true,"audioPlay":false,"sceneViewState":{"showFog":true,"showMaterialUpdate":false,"showSkybox":false,"showFlares":true,"showImageEffects":true,"showParticleSystems":true},"in2DMode":false,"pivot":{"x":-30.07670021057129,"y":-22.46433448791504,"z":205.98297119140626},"rotation":{"x":-0.10639221221208573,"y":0.06319233030080795,"z":-0.006779063958674669,"w":-0.9923027157783508},"size":223.31605529785157,"orthographic":false}