{"cameraMode":{"drawMode":0,"name":"Shaded","section":"Shading Mode"},"sceneLighting":true,"audioPlay":false,"sceneViewState":{"showFog":true,"showMaterialUpdate":false,"showSkybox":false,"showFlares":true,"showImageEffects":true,"showParticleSystems":true},"in2DMode":false,"pivot":{"x":-4.152780055999756,"y":27.541807174682618,"z":-38.705841064453128},"rotation":{"x":-0.12147296220064163,"y":0.02441214956343174,"z":-0.002990280743688345,"w":-0.9922988414764404},"size":6.67245626449585,"orthographic":false}