{"cameraMode":{"drawMode":0,"name":"Shaded","section":"Shading Mode"},"sceneLighting":false,"audioPlay":false,"sceneViewState":{"showFog":true,"showMaterialUpdate":false,"showSkybox":false,"showFlares":true,"showImageEffects":true,"showParticleSystems":true},"in2DMode":false,"pivot":{"x":3.165106773376465,"y":-16.030223846435548,"z":46.47785186767578},"rotation":{"x":-0.1674521118402481,"y":-0.027506614103913308,"z":0.004674576688557863,"w":-0.9854913949966431},"size":57.49754333496094,"orthographic":false}