{"cameraMode":{"drawMode":0,"name":"Shaded","section":"Shading Mode"},"sceneLighting":true,"audioPlay":false,"sceneViewState":{"showFog":true,"showMaterialUpdate":false,"showSkybox":false,"showFlares":true,"showImageEffects":true,"showParticleSystems":true},"in2DMode":false,"pivot":{"x":5.954224586486816,"y":16.536304473876954,"z":-20.495975494384767},"rotation":{"x":-0.1363818347454071,"y":0.005049390718340874,"z":-0.0006940601742826402,"w":-0.9906479120254517},"size":18.510910034179689,"orthographic":false}