{"cameraMode":{"drawMode":0,"name":"Shaded","section":"Shading Mode"},"sceneLighting":true,"audioPlay":false,"sceneViewState":{"showFog":true,"showMaterialUpdate":false,"showSkybox":false,"showFlares":true,"showImageEffects":true,"showParticleSystems":true},"in2DMode":false,"pivot":{"x":5.0980119705200199,"y":32.092010498046878,"z":16.243642807006837},"rotation":{"x":0.19126509130001069,"y":-0.14749211072921754,"z":-0.029083942994475366,"w":-0.9699632525444031},"size":44.5413703918457,"orthographic":false}