{"cameraMode":{"drawMode":0,"name":"Shaded","section":"Shading Mode"},"sceneLighting":true,"audioPlay":false,"sceneViewState":{"showFog":true,"showMaterialUpdate":false,"showSkybox":false,"showFlares":true,"showImageEffects":true,"showParticleSystems":true},"in2DMode":false,"pivot":{"x":0.5221271514892578,"y":90.36771392822266,"z":135.15724182128907},"rotation":{"x":0.23872314393520356,"y":-0.03291578218340874,"z":-0.008096589706838131,"w":-0.9705029726028442},"size":174.25900268554688,"orthographic":false}