{"cameraMode":{"drawMode":0,"name":"Shaded","section":"Shading Mode"},"sceneLighting":true,"audioPlay":false,"sceneViewState":{"showFog":true,"showMaterialUpdate":false,"showSkybox":false,"showFlares":true,"showImageEffects":true,"showParticleSystems":true},"in2DMode":false,"pivot":{"x":-2.558581829071045,"y":21.22596549987793,"z":2.7927873134613039},"rotation":{"x":0.17897585034370423,"y":0.02420205995440483,"z":-0.004404188133776188,"w":0.9835475087165833},"size":20.581525802612306,"orthographic":false}