{"cameraMode":{"drawMode":0,"name":"Shaded","section":"Shading Mode"},"sceneLighting":true,"audioPlay":false,"sceneViewState":{"showFog":true,"showMaterialUpdate":false,"showSkybox":false,"showFlares":true,"showImageEffects":true,"showParticleSystems":true},"in2DMode":false,"pivot":{"x":-7.089836120605469,"y":9.493693351745606,"z":5.434292793273926},"rotation":{"x":0.1623750627040863,"y":-0.06890982389450073,"z":0.011368241161108017,"w":0.9842544198036194},"size":21.71422576904297,"orthographic":false}