{"cameraMode":{"drawMode":0,"name":"Shaded","section":"Shading Mode"},"sceneLighting":true,"audioPlay":false,"sceneViewState":{"showFog":true,"showMaterialUpdate":false,"showSkybox":false,"showFlares":true,"showImageEffects":true,"showParticleSystems":true},"in2DMode":false,"pivot":{"x":-6.822664737701416,"y":18.146730422973634,"z":160.56930541992188},"rotation":{"x":-0.01080804318189621,"y":0.01709534414112568,"z":-0.00018845396698452532,"w":-0.9998058080673218},"size":187.26419067382813,"orthographic":false}