{"cameraMode":{"drawMode":0,"name":"Shaded","section":"Shading Mode"},"sceneLighting":true,"audioPlay":false,"sceneViewState":{"showFog":true,"showMaterialUpdate":false,"showSkybox":false,"showFlares":true,"showImageEffects":true,"showParticleSystems":true},"in2DMode":false,"pivot":{"x":-36.01172637939453,"y":-20.31768798828125,"z":113.84066772460938},"rotation":{"x":-0.16154848039150239,"y":0.13483886420726777,"z":-0.022288266569375993,"w":-0.9773623943328857},"size":155.843505859375,"orthographic":false}