{"cameraMode":{"drawMode":0,"name":"Shaded","section":"Shading Mode"},"sceneLighting":true,"audioPlay":false,"sceneViewState":{"showFog":true,"showMaterialUpdate":false,"showSkybox":false,"showFlares":true,"showImageEffects":true,"showParticleSystems":true},"in2DMode":false,"pivot":{"x":-9.536949157714844,"y":34.169376373291019,"z":-9.399014472961426},"rotation":{"x":-0.06476161628961563,"y":0.009576722979545594,"z":-0.0006213989690877497,"w":-0.997861385345459},"size":-3.3142216205596926,"orthographic":false}