{"cameraMode":{"drawMode":0,"name":"Shaded","section":"Shading Mode"},"sceneLighting":true,"audioPlay":false,"sceneViewState":{"showFog":true,"showMaterialUpdate":false,"showSkybox":false,"showFlares":true,"showImageEffects":true,"showParticleSystems":true},"in2DMode":false,"pivot":{"x":-2.476147174835205,"y":7.817463397979736,"z":0.165191650390625},"rotation":{"x":0.13606908917427064,"y":-0.010402122512459755,"z":0.0014287622179836035,"w":0.9906438589096069},"size":34.77012634277344,"orthographic":false}