{"cameraMode":{"drawMode":0,"name":"Shaded","section":"Shading Mode"},"sceneLighting":true,"audioPlay":false,"sceneViewState":{"showFog":true,"showMaterialUpdate":false,"showSkybox":true,"showFlares":true,"showImageEffects":true,"showParticleSystems":true},"in2DMode":false,"pivot":{"x":-13.214747428894043,"y":5.908839702606201,"z":17.718856811523439},"rotation":{"x":-0.06604199856519699,"y":0.08132700622081757,"z":-0.005399071145802736,"w":-0.9944943189620972},"size":27.114538192749025,"orthographic":false}