{"cameraMode":{"drawMode":0,"name":"Shaded","section":"Shading Mode"},"sceneLighting":false,"audioPlay":false,"sceneViewState":{"showFog":true,"showMaterialUpdate":false,"showSkybox":false,"showFlares":true,"showImageEffects":true,"showParticleSystems":true},"in2DMode":false,"pivot":{"x":1.2103056907653809,"y":-3.907726764678955,"z":3.322453022003174},"rotation":{"x":0.11374958604574204,"y":0.00804926361888647,"z":-0.0009215414756909013,"w":0.9934766888618469},"size":10.630433082580567,"orthographic":false}