{"cameraMode":{"drawMode":0,"name":"Shaded","section":"Shading Mode"},"sceneLighting":false,"audioPlay":false,"sceneViewState":{"showFog":true,"showMaterialUpdate":false,"showSkybox":false,"showFlares":true,"showImageEffects":true,"showParticleSystems":true},"in2DMode":false,"pivot":{"x":-5.995004653930664,"y":8.283600807189942,"z":-0.5264993906021118},"rotation":{"x":-0.16305935382843018,"y":0.015386353246867657,"z":-0.00254251342266798,"w":-0.986499011516571},"size":136.40145874023438,"orthographic":false}