{"cameraMode":{"drawMode":0,"name":"Shaded","section":"Shading Mode"},"sceneLighting":false,"audioPlay":false,"sceneViewState":{"showFog":true,"showMaterialUpdate":false,"showSkybox":false,"showFlares":true,"showImageEffects":true,"showParticleSystems":true},"in2DMode":false,"pivot":{"x":17.344600677490236,"y":12.070432662963868,"z":141.23504638671876},"rotation":{"x":0.03710953891277313,"y":-0.06231969594955444,"z":-0.002318453975021839,"w":-0.9973658919334412},"size":217.7003173828125,"orthographic":false}