{"cameraMode":{"drawMode":0,"name":"Shaded","section":"Shading Mode"},"sceneLighting":true,"audioPlay":false,"sceneViewState":{"showFog":true,"showMaterialUpdate":false,"showSkybox":false,"showFlares":true,"showImageEffects":true,"showParticleSystems":true},"in2DMode":false,"pivot":{"x":8.225563049316407,"y":-0.28572654724121096,"z":4.239803314208984},"rotation":{"x":0.1623750627040863,"y":-0.06890982389450073,"z":0.011368241161108017,"w":0.9842544198036194},"size":20.581525802612306,"orthographic":false}