{"cameraMode":{"drawMode":0,"name":"Shaded","section":"Shading Mode"},"sceneLighting":false,"audioPlay":false,"sceneViewState":{"showFog":true,"showMaterialUpdate":false,"showSkybox":false,"showFlares":true,"showImageEffects":true,"showParticleSystems":true},"in2DMode":false,"pivot":{"x":-7.150078773498535,"y":8.210363388061524,"z":133.659423828125},"rotation":{"x":-0.028805270791053773,"y":-0.0039015552029013635,"z":0.0001126376009779051,"w":-0.999582052230835},"size":147.910888671875,"orthographic":false}