{"cameraMode":{"drawMode":0,"name":"Shaded","section":"Shading Mode"},"sceneLighting":true,"audioPlay":false,"sceneViewState":{"showFog":true,"showMaterialUpdate":false,"showSkybox":true,"showFlares":true,"showImageEffects":true,"showParticleSystems":true},"in2DMode":false,"pivot":{"x":-12.294026374816895,"y":11.822016716003418,"z":22.0436954498291},"rotation":{"x":-0.09739848226308823,"y":0.07218632847070694,"z":-0.007080169394612312,"w":-0.9926109910011292},"size":41.09614181518555,"orthographic":false}