{"cameraMode":{"drawMode":0,"name":"Shaded","section":"Shading Mode"},"sceneLighting":false,"audioPlay":false,"sceneViewState":{"showFog":true,"showMaterialUpdate":false,"showSkybox":false,"showFlares":true,"showImageEffects":true,"showParticleSystems":true},"in2DMode":false,"pivot":{"x":0.10873603820800781,"y":-0.017016172409057618,"z":-0.7140624523162842},"rotation":{"x":-0.16305935382843018,"y":0.015386353246867657,"z":-0.00254251342266798,"w":-0.986499011516571},"size":1.240725040435791,"orthographic":false}