{"cameraMode":{"drawMode":0,"name":"Shaded","section":"Shading Mode"},"sceneLighting":false,"audioPlay":false,"sceneViewState":{"showFog":true,"showMaterialUpdate":false,"showSkybox":false,"showFlares":true,"showImageEffects":true,"showParticleSystems":true},"in2DMode":false,"pivot":{"x":-3.5946662425994875,"y":-16.041351318359376,"z":119.19113159179688},"rotation":{"x":-0.1036020815372467,"y":-0.02029183693230152,"z":0.0021145688369870188,"w":-0.9944131970405579},"size":141.1016845703125,"orthographic":false}