{"cameraMode":{"drawMode":0,"name":"Shaded","section":"Shading Mode"},"sceneLighting":true,"audioPlay":false,"sceneViewState":{"showFog":true,"showMaterialUpdate":false,"showSkybox":true,"showFlares":true,"showImageEffects":true,"showParticleSystems":true},"in2DMode":false,"pivot":{"x":17.80207061767578,"y":11.972498893737793,"z":0.44292449951171877},"rotation":{"x":-0.12295535951852799,"y":-0.026201311498880388,"z":0.003245794912800193,"w":-0.9920676946640015},"size":55.89348602294922,"orthographic":false}