{"cameraMode":{"drawMode":0,"name":"Shaded","section":"Shading Mode"},"sceneLighting":true,"audioPlay":false,"sceneViewState":{"showFog":true,"showMaterialUpdate":false,"showSkybox":false,"showFlares":true,"showImageEffects":true,"showParticleSystems":true},"in2DMode":false,"pivot":{"x":-6.265767574310303,"y":30.366533279418947,"z":6.400688171386719},"rotation":{"x":0.13606908917427064,"y":-0.010402122512459755,"z":0.0014287622179836035,"w":0.9906438589096069},"size":24.95191192626953,"orthographic":false}