{"cameraMode":{"drawMode":0,"name":"Shaded","section":"Shading Mode"},"sceneLighting":false,"audioPlay":false,"sceneViewState":{"showFog":true,"showMaterialUpdate":false,"showSkybox":false,"showFlares":true,"showImageEffects":true,"showParticleSystems":true},"in2DMode":false,"pivot":{"x":-1.5149544477462769,"y":0.02780468389391899,"z":-1.514869213104248},"rotation":{"x":-0.02120807394385338,"y":-0.09673020988702774,"z":0.0020609237253665926,"w":-0.9950911998748779},"size":6.747633457183838,"orthographic":false}