{"cameraMode":{"drawMode":0,"name":"Shaded","section":"Shading Mode"},"sceneLighting":true,"audioPlay":false,"sceneViewState":{"showFog":true,"showMaterialUpdate":false,"showSkybox":false,"showFlares":true,"showImageEffects":true,"showParticleSystems":true},"in2DMode":false,"pivot":{"x":-2.1709282398223879,"y":24.808717727661134,"z":2.113544464111328},"rotation":{"x":-0.05128706246614456,"y":-0.0038983821868896486,"z":0.00020020600641146302,"w":-0.9986804723739624},"size":16.382150650024415,"orthographic":false}