{"cameraMode":{"drawMode":0,"name":"Shaded","section":"Shading Mode"},"sceneLighting":false,"audioPlay":false,"sceneViewState":{"showFog":true,"showMaterialUpdate":false,"showSkybox":false,"showFlares":true,"showImageEffects":true,"showParticleSystems":true},"in2DMode":false,"pivot":{"x":0.369891881942749,"y":0.19968026876449586,"z":-0.014217615127563477},"rotation":{"x":-0.1252497434616089,"y":-0.10634519159793854,"z":0.01350697036832571,"w":-0.986327588558197},"size":1.8211612701416016,"orthographic":false}