{"cameraMode":{"drawMode":0,"name":"Shaded","section":"Shading Mode"},"sceneLighting":true,"audioPlay":false,"sceneViewState":{"showFog":true,"showMaterialUpdate":false,"showSkybox":false,"showFlares":true,"showImageEffects":true,"showParticleSystems":true},"in2DMode":false,"pivot":{"x":-1.0304573774337769,"y":40.215091705322269,"z":-18.756433486938478},"rotation":{"x":-0.023878969252109529,"y":0.09940836578607559,"z":0.0023851245641708376,"w":0.9947634339332581},"size":5.702362537384033,"orthographic":false}