{"cameraMode":{"drawMode":0,"name":"Shaded","section":"Shading Mode"},"sceneLighting":true,"audioPlay":false,"sceneViewState":{"showFog":true,"showMaterialUpdate":false,"showSkybox":false,"showFlares":true,"showImageEffects":true,"showParticleSystems":true},"in2DMode":false,"pivot":{"x":1.1797683238983155,"y":-2.2033870220184328,"z":131.07818603515626},"rotation":{"x":-0.14072802662849427,"y":-0.03949492797255516,"z":0.005618767347186804,"w":-0.9892465472221375},"size":148.79177856445313,"orthographic":false}