{"cameraMode":{"drawMode":0,"name":"Shaded","section":"Shading Mode"},"sceneLighting":false,"audioPlay":false,"sceneViewState":{"showFog":true,"showMaterialUpdate":false,"showSkybox":false,"showFlares":true,"showImageEffects":true,"showParticleSystems":true},"in2DMode":false,"pivot":{"x":0.19347824156284333,"y":-0.2756626605987549,"z":-0.08769655227661133},"rotation":{"x":-0.16305935382843018,"y":0.015386353246867657,"z":-0.00254251342266798,"w":-0.986499011516571},"size":3.6584153175354006,"orthographic":false}