{"cameraMode":{"drawMode":0,"name":"Shaded","section":"Shading Mode"},"sceneLighting":true,"audioPlay":false,"sceneViewState":{"showFog":true,"showMaterialUpdate":false,"showSkybox":false,"showFlares":true,"showImageEffects":true,"showParticleSystems":true},"in2DMode":false,"pivot":{"x":-5.2968549728393559,"y":-17.30514144897461,"z":136.71707153320313},"rotation":{"x":-0.10660704970359802,"y":0.002085176995024085,"z":-0.00022360241564456373,"w":-0.9943061470985413},"size":166.44126892089845,"orthographic":false}