{"cameraMode":{"drawMode":0,"name":"Shaded","section":"Shading Mode"},"sceneLighting":true,"audioPlay":false,"sceneViewState":{"showFog":true,"showMaterialUpdate":false,"showSkybox":false,"showFlares":true,"showImageEffects":true,"showParticleSystems":true},"in2DMode":false,"pivot":{"x":-10.958491325378418,"y":27.524045944213868,"z":-37.20161819458008},"rotation":{"x":-0.0660426989197731,"y":-0.3578309714794159,"z":0.025378987193107606,"w":-0.9311132431030273},"size":6.67245626449585,"orthographic":false}