{"cameraMode":{"drawMode":0,"name":"Shaded","section":"Shading Mode"},"sceneLighting":true,"audioPlay":false,"sceneViewState":{"showFog":true,"showMaterialUpdate":false,"showSkybox":false,"showFlares":true,"showImageEffects":true,"showParticleSystems":true},"in2DMode":false,"pivot":{"x":-18.306455612182618,"y":-47.05839920043945,"z":268.8000183105469},"rotation":{"x":-0.12740035355091096,"y":0.03183075785636902,"z":-0.004096934571862221,"w":-0.9913665056228638},"size":302.5055847167969,"orthographic":false}