{"cameraMode":{"drawMode":0,"name":"Shaded","section":"Shading Mode"},"sceneLighting":true,"audioPlay":false,"sceneViewState":{"showFog":true,"showMaterialUpdate":false,"showSkybox":false,"showFlares":true,"showImageEffects":true,"showParticleSystems":true},"in2DMode":false,"pivot":{"x":21.4927921295166,"y":38.08791732788086,"z":143.861083984375},"rotation":{"x":0.04603580757975578,"y":-0.0772438794374466,"z":-0.0035744167398661377,"w":-0.9959533214569092},"size":187.26419067382813,"orthographic":false}