{"cameraMode":{"drawMode":0,"name":"Shaded","section":"Shading Mode"},"sceneLighting":false,"audioPlay":false,"sceneViewState":{"showFog":true,"showMaterialUpdate":false,"showSkybox":false,"showFlares":true,"showImageEffects":true,"showParticleSystems":true},"in2DMode":false,"pivot":{"x":-0.00000762939453125,"y":0.4483796954154968,"z":0.007345676422119141},"rotation":{"x":0.3434063196182251,"y":0.04702747240662575,"z":-0.01722009666264057,"w":0.9378525018692017},"size":4.755903244018555,"orthographic":false}