{"cameraMode":{"drawMode":0,"name":"Shaded","section":"Shading Mode"},"sceneLighting":false,"audioPlay":false,"sceneViewState":{"showFog":true,"showMaterialUpdate":false,"showSkybox":false,"showFlares":true,"showImageEffects":true,"showParticleSystems":true},"in2DMode":false,"pivot":{"x":-145.46878051757813,"y":2.4619226455688478,"z":-0.2312343865633011},"rotation":{"x":-0.027354899793863298,"y":-0.6833527684211731,"z":-0.02563749998807907,"w":0.7291309237480164},"size":4.393857955932617,"orthographic":false}