{"cameraMode":{"drawMode":0,"name":"Shaded","section":"Shading Mode"},"sceneLighting":false,"audioPlay":false,"sceneViewState":{"showFog":true,"showMaterialUpdate":false,"showSkybox":false,"showFlares":true,"showImageEffects":true,"showParticleSystems":true},"in2DMode":false,"pivot":{"x":-5.754410743713379,"y":-12.331920623779297,"z":154.16012573242188},"rotation":{"x":-0.09018184244632721,"y":0.011051605455577374,"z":-0.001002963283099234,"w":-0.9958716630935669},"size":165.1254425048828,"orthographic":false}