{"cameraMode":{"drawMode":0,"name":"Shaded","section":"Shading Mode"},"sceneLighting":true,"audioPlay":false,"sceneViewState":{"showFog":true,"showMaterialUpdate":false,"showSkybox":false,"showFlares":true,"showImageEffects":true,"showParticleSystems":true},"in2DMode":false,"pivot":{"x":-1.4786839485168458,"y":-7.643449306488037,"z":122.59355163574219},"rotation":{"x":-0.04229365289211273,"y":-0.012891070917248726,"z":0.0005456895451061428,"w":-0.9990288615226746},"size":156.43429565429688,"orthographic":false}