{"cameraMode":{"drawMode":0,"name":"Shaded","section":"Shading Mode"},"sceneLighting":true,"audioPlay":false,"sceneViewState":{"showFog":true,"showMaterialUpdate":false,"showSkybox":false,"showFlares":true,"showImageEffects":true,"showParticleSystems":true},"in2DMode":false,"pivot":{"x":-5.911195755004883,"y":-3.0335469245910646,"z":121.59907531738281},"rotation":{"x":-0.05128706246614456,"y":-0.0038983821868896486,"z":0.00020020600641146302,"w":-0.9986804723739624},"size":150.17811584472657,"orthographic":false}