{"cameraMode":{"drawMode":0,"name":"Shaded","section":"Shading Mode"},"sceneLighting":false,"audioPlay":false,"sceneViewState":{"showFog":true,"showMaterialUpdate":false,"showSkybox":false,"showFlares":true,"showImageEffects":true,"showParticleSystems":true},"in2DMode":false,"pivot":{"x":-4.211801052093506,"y":28.497303009033204,"z":133.86985778808595},"rotation":{"x":0.023687424138188363,"y":0.00809456780552864,"z":0.00019222343689762056,"w":-0.9996891617774963},"size":176.7442169189453,"orthographic":false}