{"cameraMode":{"drawMode":0,"name":"Shaded","section":"Shading Mode"},"sceneLighting":false,"audioPlay":false,"sceneViewState":{"showFog":true,"showMaterialUpdate":false,"showSkybox":false,"showFlares":true,"showImageEffects":true,"showParticleSystems":true},"in2DMode":false,"pivot":{"x":8.260339736938477,"y":1.2454235553741456,"z":13.137524604797364},"rotation":{"x":0.05428127199411392,"y":-0.008676600642502308,"z":0.0004714333626907319,"w":0.9984946250915527},"size":65.39035034179688,"orthographic":false}