{"cameraMode":{"drawMode":0,"name":"Shaded","section":"Shading Mode"},"sceneLighting":true,"audioPlay":false,"sceneViewState":{"showFog":true,"showMaterialUpdate":false,"showSkybox":false,"showFlares":true,"showImageEffects":true,"showParticleSystems":true},"in2DMode":false,"pivot":{"x":-11.451189041137696,"y":-16.77216911315918,"z":132.6483154296875},"rotation":{"x":-0.08418777585029602,"y":0.02301303669810295,"z":-0.0019442124757915736,"w":-0.9961870908737183},"size":153.77685546875,"orthographic":false}