{"cameraMode":{"drawMode":0,"name":"Shaded","section":"Shading Mode"},"sceneLighting":false,"audioPlay":false,"sceneViewState":{"showFog":true,"showMaterialUpdate":false,"showSkybox":false,"showFlares":true,"showImageEffects":true,"showParticleSystems":true},"in2DMode":false,"pivot":{"x":-0.019999999552965165,"y":0.05000000074505806,"z":-0.3199999928474426},"rotation":{"x":-0.16305935382843018,"y":0.015386353246867657,"z":-0.00254251342266798,"w":-0.986499011516571},"size":22.0,"orthographic":false}