{"cameraMode":{"drawMode":0,"name":"Shaded","section":"Shading Mode"},"sceneLighting":true,"audioPlay":false,"sceneViewState":{"showFog":true,"showMaterialUpdate":false,"showSkybox":false,"showFlares":true,"showImageEffects":true,"showParticleSystems":true},"in2DMode":false,"pivot":{"x":0.002027893206104636,"y":1.2335528135299683,"z":-1.6320477724075318},"rotation":{"x":0.009708983823657036,"y":-0.9704663753509522,"z":0.039626654237508777,"w":0.23778976500034333},"size":3.981492280960083,"orthographic":false}