{"cameraMode":{"drawMode":0,"name":"Shaded","section":"Shading Mode"},"sceneLighting":true,"audioPlay":false,"sceneViewState":{"showFog":true,"showMaterialUpdate":false,"showSkybox":false,"showFlares":true,"showImageEffects":true,"showParticleSystems":true},"in2DMode":false,"pivot":{"x":4.6559600830078129,"y":-15.744150161743164,"z":149.27035522460938},"rotation":{"x":-0.08716143667697907,"y":-0.029286978766322137,"z":0.0025635957717895509,"w":-0.9957667589187622},"size":189.19105529785157,"orthographic":false}