{"cameraMode":{"drawMode":0,"name":"Shaded","section":"Shading Mode"},"sceneLighting":true,"audioPlay":false,"sceneViewState":{"showFog":true,"showMaterialUpdate":false,"showSkybox":true,"showFlares":true,"showImageEffects":true,"showParticleSystems":true},"in2DMode":false,"pivot":{"x":2.6712098121643068,"y":5.63432502746582,"z":9.266960144042969},"rotation":{"x":-0.08421050757169724,"y":0.0005933052161708474,"z":-0.000050905604439321905,"w":-0.996454656124115},"size":48.65639114379883,"orthographic":false}