{"cameraMode":{"drawMode":0,"name":"Shaded","section":"Shading Mode"},"sceneLighting":true,"audioPlay":false,"sceneViewState":{"showFog":true,"showMaterialUpdate":false,"showSkybox":false,"showFlares":true,"showImageEffects":true,"showParticleSystems":true},"in2DMode":false,"pivot":{"x":-10.541767120361329,"y":5.267171382904053,"z":340.3354797363281},"rotation":{"x":-0.042298365384340289,"y":-0.0053971693851053719,"z":0.00022846936190035194,"w":-0.9991604685783386},"size":352.6627502441406,"orthographic":false}