{"cameraMode":{"drawMode":0,"name":"Shaded","section":"Shading Mode"},"sceneLighting":true,"audioPlay":false,"sceneViewState":{"showFog":true,"showMaterialUpdate":false,"showSkybox":false,"showFlares":true,"showImageEffects":true,"showParticleSystems":true},"in2DMode":false,"pivot":{"x":-6.50913667678833,"y":-40.759769439697269,"z":241.4700469970703},"rotation":{"x":-0.09616605937480927,"y":0.003579540876671672,"z":-0.00035893198219127953,"w":-0.9954261779785156},"size":247.6282501220703,"orthographic":false}