{"cameraMode":{"drawMode":0,"name":"Shaded","section":"Shading Mode"},"sceneLighting":true,"audioPlay":false,"sceneViewState":{"showFog":true,"showMaterialUpdate":false,"showSkybox":false,"showFlares":true,"showImageEffects":true,"showParticleSystems":true},"in2DMode":false,"pivot":{"x":-7.572431564331055,"y":17.23749542236328,"z":-11.568772315979004},"rotation":{"x":-0.24756288528442384,"y":0.06881488859653473,"z":-0.017630793154239656,"w":-0.9662711024284363},"size":6.323314189910889,"orthographic":false}