{"cameraMode":{"drawMode":0,"name":"Shaded","section":"Shading Mode"},"sceneLighting":true,"audioPlay":false,"sceneViewState":{"showFog":true,"showMaterialUpdate":false,"showSkybox":false,"showFlares":true,"showImageEffects":true,"showParticleSystems":true},"in2DMode":false,"pivot":{"x":-2.1665444374084474,"y":30.926097869873048,"z":-13.269105911254883},"rotation":{"x":-0.0481405109167099,"y":-0.07872966676950455,"z":0.0038065072149038316,"w":-0.9957300424575806},"size":3.7638163566589357,"orthographic":false}