{"cameraMode":{"drawMode":0,"name":"Shaded","section":"Shading Mode"},"sceneLighting":true,"audioPlay":false,"sceneViewState":{"showFog":true,"showMaterialUpdate":false,"showSkybox":false,"showFlares":true,"showImageEffects":true,"showParticleSystems":true},"in2DMode":false,"pivot":{"x":-3.806966781616211,"y":20.222793579101564,"z":-2.9956493377685549},"rotation":{"x":0.09285759180784226,"y":-0.013441254384815693,"z":0.0012536654248833657,"w":0.995588481426239},"size":24.5726261138916,"orthographic":false}