{"cameraMode":{"drawMode":0,"name":"Shaded","section":"Shading Mode"},"sceneLighting":true,"audioPlay":false,"sceneViewState":{"showFog":true,"showMaterialUpdate":false,"showSkybox":false,"showFlares":true,"showImageEffects":true,"showParticleSystems":true},"in2DMode":false,"pivot":{"x":16.58191680908203,"y":-23.322542190551759,"z":78.19837951660156},"rotation":{"x":-0.13315171003341676,"y":-0.06180587038397789,"z":0.0083194924518466,"w":-0.9891360402107239},"size":117.9769515991211,"orthographic":false}