{"cameraMode":{"drawMode":0,"name":"Shaded","section":"Shading Mode"},"sceneLighting":true,"audioPlay":false,"sceneViewState":{"showFog":true,"showMaterialUpdate":false,"showSkybox":false,"showFlares":true,"showImageEffects":true,"showParticleSystems":true},"in2DMode":false,"pivot":{"x":-3.7298192977905275,"y":8.032524108886719,"z":-3.343682289123535},"rotation":{"x":-0.05128706246614456,"y":-0.0038983821868896486,"z":0.00020020600641146302,"w":-0.9986804723739624},"size":11.962684631347657,"orthographic":false}