{"cameraMode":{"drawMode":0,"name":"Shaded","section":"Shading Mode"},"sceneLighting":true,"audioPlay":false,"sceneViewState":{"showFog":true,"showMaterialUpdate":false,"showSkybox":false,"showFlares":true,"showImageEffects":true,"showParticleSystems":true},"in2DMode":false,"pivot":{"x":1.2172207832336426,"y":-23.42510414123535,"z":65.88720703125},"rotation":{"x":0.1907370537519455,"y":0.029444443061947824,"z":-0.005723867099732161,"w":0.9811833500862122},"size":109.20182800292969,"orthographic":false}