{"cameraMode":{"drawMode":0,"name":"Shaded","section":"Shading Mode"},"sceneLighting":true,"audioPlay":false,"sceneViewState":{"showFog":true,"showMaterialUpdate":false,"showSkybox":false,"showFlares":true,"showImageEffects":true,"showParticleSystems":true},"in2DMode":false,"pivot":{"x":-0.8056919574737549,"y":23.339096069335939,"z":-14.892756462097168},"rotation":{"x":0.03145238384604454,"y":-0.051849085837602618,"z":0.0016337863635271788,"w":0.9981587529182434},"size":16.434436798095704,"orthographic":false}