{"cameraMode":{"drawMode":0,"name":"Shaded","section":"Shading Mode"},"sceneLighting":true,"audioPlay":false,"sceneViewState":{"showFog":true,"showMaterialUpdate":false,"showSkybox":false,"showFlares":true,"showImageEffects":true,"showParticleSystems":true},"in2DMode":false,"pivot":{"x":0.11371350288391113,"y":2.3743746280670168,"z":3.2637312412261965},"rotation":{"x":-0.08844506740570069,"y":0.788512110710144,"z":-0.11675357818603516,"w":-0.5973252058029175},"size":3.813899278640747,"orthographic":false}