{"cameraMode":{"drawMode":0,"name":"Shaded","section":"Shading Mode"},"sceneLighting":true,"audioPlay":false,"sceneViewState":{"showFog":true,"showMaterialUpdate":false,"showSkybox":false,"showFlares":true,"showImageEffects":true,"showParticleSystems":true},"in2DMode":false,"pivot":{"x":2.9602973461151125,"y":27.3028621673584,"z":-7.660511493682861},"rotation":{"x":-0.03627319633960724,"y":-0.03986670449376106,"z":0.001446153735741973,"w":-0.9985544085502625},"size":26.688440322875978,"orthographic":false}