{"cameraMode":{"drawMode":0,"name":"Shaded","section":"Shading Mode"},"sceneLighting":true,"audioPlay":false,"sceneViewState":{"showFog":true,"showMaterialUpdate":false,"showSkybox":false,"showFlares":true,"showImageEffects":true,"showParticleSystems":true},"in2DMode":false,"pivot":{"x":-0.4406529664993286,"y":19.32925033569336,"z":-9.561342239379883},"rotation":{"x":-0.0751432254910469,"y":-0.05023922771215439,"z":0.0037908551748842,"w":-0.9959059357643127},"size":6.323314189910889,"orthographic":false}