{"cameraMode":{"drawMode":0,"name":"Shaded","section":"Shading Mode"},"sceneLighting":true,"audioPlay":false,"sceneViewState":{"showFog":true,"showMaterialUpdate":false,"showSkybox":false,"showFlares":true,"showImageEffects":true,"showParticleSystems":true},"in2DMode":false,"pivot":{"x":-12.576787948608399,"y":-1.863826036453247,"z":11.253710746765137},"rotation":{"x":-0.06440993398427963,"y":0.41274115443229678,"z":-0.02927524410188198,"w":-0.9081040024757385},"size":19.338626861572267,"orthographic":false}