{"cameraMode":{"drawMode":0,"name":"Shaded","section":"Shading Mode"},"sceneLighting":false,"audioPlay":false,"sceneViewState":{"showFog":true,"showMaterialUpdate":false,"showSkybox":false,"showFlares":true,"showImageEffects":true,"showParticleSystems":true},"in2DMode":false,"pivot":{"x":-2.3535454273223879,"y":37.859066009521487,"z":25.884807586669923},"rotation":{"x":-0.04967796802520752,"y":-0.06677094846963883,"z":0.003328080056235194,"w":-0.9965364933013916},"size":57.49754333496094,"orthographic":false}