{"cameraMode":{"drawMode":0,"name":"Shaded","section":"Shading Mode"},"sceneLighting":true,"audioPlay":false,"sceneViewState":{"showFog":true,"showMaterialUpdate":false,"showSkybox":false,"showFlares":true,"showImageEffects":true,"showParticleSystems":true},"in2DMode":false,"pivot":{"x":-11.429215431213379,"y":16.68352699279785,"z":0.9692007899284363},"rotation":{"x":-0.22976864874362946,"y":0.08803319185972214,"z":-0.020875990390777589,"w":-0.9690430164337158},"size":6.323314189910889,"orthographic":false}