{"cameraMode":{"drawMode":0,"name":"Shaded","section":"Shading Mode"},"sceneLighting":true,"audioPlay":false,"sceneViewState":{"showFog":true,"showMaterialUpdate":false,"showSkybox":false,"showFlares":true,"showImageEffects":true,"showParticleSystems":true},"in2DMode":false,"pivot":{"x":-50.845802307128909,"y":-4.795380592346191,"z":127.94246673583985},"rotation":{"x":-0.14626967906951905,"y":0.16155631840229035,"z":-0.024219917133450509,"w":-0.9756649732589722},"size":151.0165557861328,"orthographic":false}