{"cameraMode":{"drawMode":0,"name":"Shaded","section":"Shading Mode"},"sceneLighting":true,"audioPlay":false,"sceneViewState":{"showFog":true,"showMaterialUpdate":false,"showSkybox":false,"showFlares":true,"showImageEffects":true,"showParticleSystems":true},"in2DMode":false,"pivot":{"x":36.05112838745117,"y":-21.91438102722168,"z":129.42831420898438},"rotation":{"x":-0.10423075407743454,"y":-0.12882162630558015,"z":0.013615133240818978,"w":-0.986092209815979},"size":156.43429565429688,"orthographic":false}