{"cameraMode":{"drawMode":0,"name":"Shaded","section":"Shading Mode"},"sceneLighting":true,"audioPlay":false,"sceneViewState":{"showFog":true,"showMaterialUpdate":false,"showSkybox":true,"showFlares":true,"showImageEffects":true,"showParticleSystems":true},"in2DMode":false,"pivot":{"x":127.48989868164063,"y":-67.31015014648438,"z":28.78453826904297},"rotation":{"x":-0.18085147440433503,"y":-0.6041632294654846,"z":0.1432536542415619,"w":-0.762738049030304},"size":164.1553955078125,"orthographic":false}