{"cameraMode":{"drawMode":0,"name":"Shaded","section":"Shading Mode"},"sceneLighting":true,"audioPlay":false,"sceneViewState":{"showFog":true,"showMaterialUpdate":false,"showSkybox":false,"showFlares":true,"showImageEffects":true,"showParticleSystems":true},"in2DMode":false,"pivot":{"x":12.420720100402832,"y":28.246421813964845,"z":13.791004180908204},"rotation":{"x":0.03804963827133179,"y":-0.17978478968143464,"z":-0.006959103513509035,"w":-0.9829505681991577},"size":62.73284912109375,"orthographic":false}