{"cameraMode":{"drawMode":0,"name":"Shaded","section":"Shading Mode"},"sceneLighting":true,"audioPlay":false,"sceneViewState":{"showFog":true,"showMaterialUpdate":false,"showSkybox":false,"showFlares":true,"showImageEffects":true,"showParticleSystems":true},"in2DMode":false,"pivot":{"x":-11.344955444335938,"y":-117.70503997802735,"z":230.2596435546875},"rotation":{"x":-0.2554178237915039,"y":0.016528500244021417,"z":-0.004374201875180006,"w":-0.9667147397994995},"size":301.28167724609377,"orthographic":false}