{"cameraMode":{"drawMode":0,"name":"Shaded","section":"Shading Mode"},"sceneLighting":true,"audioPlay":false,"sceneViewState":{"showFog":true,"showMaterialUpdate":false,"showSkybox":false,"showFlares":true,"showImageEffects":true,"showParticleSystems":true},"in2DMode":false,"pivot":{"x":2.918330192565918,"y":10.126757621765137,"z":-11.50455379486084},"rotation":{"x":0.1710687279701233,"y":0.23313088715076447,"z":-0.041700832545757297,"w":0.9563751220703125},"size":20.581525802612306,"orthographic":false}