{"cameraMode":{"drawMode":0,"name":"Shaded","section":"Shading Mode"},"sceneLighting":true,"audioPlay":false,"sceneViewState":{"showFog":true,"showMaterialUpdate":false,"showSkybox":false,"showFlares":true,"showImageEffects":true,"showParticleSystems":true},"in2DMode":false,"pivot":{"x":4.2251787185668949,"y":2.8823843002319338,"z":-6.042938232421875},"rotation":{"x":0.09285759180784226,"y":-0.013441254384815693,"z":0.0012536654248833657,"w":0.995588481426239},"size":25.755462646484376,"orthographic":false}