{"cameraMode":{"drawMode":0,"name":"Shaded","section":"Shading Mode"},"sceneLighting":true,"audioPlay":false,"sceneViewState":{"showFog":true,"showMaterialUpdate":false,"showSkybox":false,"showFlares":true,"showImageEffects":true,"showParticleSystems":true},"in2DMode":false,"pivot":{"x":-4.077014446258545,"y":-21.911413192749025,"z":132.1145782470703},"rotation":{"x":-0.08418777585029602,"y":0.02301303669810295,"z":-0.0019442124757915736,"w":-0.9961870908737183},"size":174.25900268554688,"orthographic":false}