{"cameraMode":{"drawMode":0,"name":"Shaded","section":"Shading Mode"},"sceneLighting":false,"audioPlay":false,"sceneViewState":{"showFog":true,"showMaterialUpdate":false,"showSkybox":false,"showFlares":true,"showImageEffects":true,"showParticleSystems":true},"in2DMode":false,"pivot":{"x":0.15180131793022157,"y":0.5456563234329224,"z":-0.8208558559417725},"rotation":{"x":0.004177141934633255,"y":0.07851441204547882,"z":0.0003303613339085132,"w":-0.9969106316566467},"size":2.330559253692627,"orthographic":false}