{"cameraMode":{"drawMode":0,"name":"Shaded","section":"Shading Mode"},"sceneLighting":false,"audioPlay":false,"sceneViewState":{"showFog":true,"showMaterialUpdate":false,"showSkybox":false,"showFlares":true,"showImageEffects":true,"showParticleSystems":true},"in2DMode":false,"pivot":{"x":0.48638662695884707,"y":0.8227511644363403,"z":0.46828770637512209},"rotation":{"x":-0.11357121914625168,"y":-0.18311013281345368,"z":0.0213029645383358,"w":-0.9762841463088989},"size":4.258415222167969,"orthographic":false}