{"cameraMode":{"drawMode":0,"name":"Shaded","section":"Shading Mode"},"sceneLighting":false,"audioPlay":false,"sceneViewState":{"showFog":true,"showMaterialUpdate":false,"showSkybox":false,"showFlares":true,"showImageEffects":true,"showParticleSystems":true},"in2DMode":false,"pivot":{"x":0.46278610825538638,"y":-0.22203999757766725,"z":-0.06105685234069824},"rotation":{"x":-0.16305935382843018,"y":0.015386353246867657,"z":-0.00254251342266798,"w":-0.986499011516571},"size":2.9172234535217287,"orthographic":false}