{"cameraMode":{"drawMode":0,"name":"Shaded","section":"Shading Mode"},"sceneLighting":false,"audioPlay":false,"sceneViewState":{"showFog":true,"showMaterialUpdate":false,"showSkybox":false,"showFlares":true,"showImageEffects":true,"showParticleSystems":true},"in2DMode":false,"pivot":{"x":-7.366706371307373,"y":27.97087287902832,"z":133.84274291992188},"rotation":{"x":0.023687424138188363,"y":0.00809456780552864,"z":0.00019222343689762056,"w":-0.9996891617774963},"size":154.9054412841797,"orthographic":false}