{"cameraMode":{"drawMode":0,"name":"Shaded","section":"Shading Mode"},"sceneLighting":true,"audioPlay":false,"sceneViewState":{"showFog":true,"showMaterialUpdate":false,"showSkybox":false,"showFlares":true,"showImageEffects":true,"showParticleSystems":true},"in2DMode":false,"pivot":{"x":-57.131290435791019,"y":-21.25885772705078,"z":104.07730102539063},"rotation":{"x":-0.20472264289855958,"y":0.19151000678539277,"z":-0.04088474437594414,"w":-0.9590451121330261},"size":138.98895263671876,"orthographic":false}