{"cameraMode":{"drawMode":0,"name":"Shaded","section":"Shading Mode"},"sceneLighting":true,"audioPlay":false,"sceneViewState":{"showFog":true,"showMaterialUpdate":false,"showSkybox":false,"showFlares":true,"showImageEffects":true,"showParticleSystems":true},"in2DMode":false,"pivot":{"x":-5.509747505187988,"y":-11.25498104095459,"z":124.92729187011719},"rotation":{"x":-0.08716919273138046,"y":0.025994643568992616,"z":-0.002275122096762061,"w":-0.9958564639091492},"size":150.5752410888672,"orthographic":false}