{"cameraMode":{"drawMode":0,"name":"Shaded","section":"Shading Mode"},"sceneLighting":true,"audioPlay":false,"sceneViewState":{"showFog":true,"showMaterialUpdate":false,"showSkybox":false,"showFlares":true,"showImageEffects":true,"showParticleSystems":true},"in2DMode":false,"pivot":{"x":-3.989816904067993,"y":16.818798065185548,"z":-0.01787211373448372},"rotation":{"x":0.02249813824892044,"y":0.0014996309764683247,"z":-0.00003374411244294606,"w":0.9997472167015076},"size":25.755462646484376,"orthographic":false}