{"cameraMode":{"drawMode":0,"name":"Shaded","section":"Shading Mode"},"sceneLighting":true,"audioPlay":false,"sceneViewState":{"showFog":true,"showMaterialUpdate":false,"showSkybox":false,"showFlares":true,"showImageEffects":true,"showParticleSystems":true},"in2DMode":false,"pivot":{"x":-6.7981181144714359,"y":7.384283065795898,"z":-10.885124206542969},"rotation":{"x":-0.09168021380901337,"y":0.0035814654547721149,"z":-0.00032975641079247,"w":-0.9957866668701172},"size":3.9872117042541506,"orthographic":false}