{"cameraMode":{"drawMode":0,"name":"Shaded","section":"Shading Mode"},"sceneLighting":true,"audioPlay":false,"sceneViewState":{"showFog":true,"showMaterialUpdate":false,"showSkybox":false,"showFlares":true,"showImageEffects":true,"showParticleSystems":true},"in2DMode":false,"pivot":{"x":4.064401626586914,"y":-27.85595703125,"z":308.5610656738281},"rotation":{"x":-0.07523167878389359,"y":-0.01735476218163967,"z":0.0012955887941643596,"w":-0.9970826506614685},"size":332.9140930175781,"orthographic":false}