{"cameraMode":{"drawMode":0,"name":"Shaded","section":"Shading Mode"},"sceneLighting":true,"audioPlay":false,"sceneViewState":{"showFog":true,"showMaterialUpdate":false,"showSkybox":false,"showFlares":true,"showImageEffects":true,"showParticleSystems":true},"in2DMode":false,"pivot":{"x":-4.0299601554870609,"y":24.373849868774415,"z":-18.313961029052736},"rotation":{"x":0.0644431859254837,"y":-0.01945824921131134,"z":0.0012566011864691973,"w":0.9977328181266785},"size":25.755462646484376,"orthographic":false}