{"cameraMode":{"drawMode":0,"name":"Shaded","section":"Shading Mode"},"sceneLighting":true,"audioPlay":false,"sceneViewState":{"showFog":true,"showMaterialUpdate":false,"showSkybox":false,"showFlares":true,"showImageEffects":true,"showParticleSystems":true},"in2DMode":false,"pivot":{"x":-0.860161542892456,"y":0.9755206108093262,"z":-4.931781768798828},"rotation":{"x":-0.08716143667697907,"y":-0.029286978766322137,"z":0.0025635957717895509,"w":-0.9957667589187622},"size":42.26589584350586,"orthographic":false}