{"cameraMode":{"drawMode":0,"name":"Shaded","section":"Shading Mode"},"sceneLighting":false,"audioPlay":false,"sceneViewState":{"showFog":true,"showMaterialUpdate":false,"showSkybox":false,"showFlares":true,"showImageEffects":true,"showParticleSystems":true},"in2DMode":false,"pivot":{"x":-7.480653285980225,"y":8.676770210266114,"z":22.283103942871095},"rotation":{"x":0.0033068296033889057,"y":-0.046173758804798129,"z":0.00014914662460796535,"w":0.9989551901817322},"size":40.010372161865237,"orthographic":false}