{"cameraMode":{"drawMode":0,"name":"Shaded","section":"Shading Mode"},"sceneLighting":false,"audioPlay":false,"sceneViewState":{"showFog":true,"showMaterialUpdate":false,"showSkybox":false,"showFlares":true,"showImageEffects":true,"showParticleSystems":true},"in2DMode":false,"pivot":{"x":-6.257452964782715,"y":-27.055007934570314,"z":-0.5229995250701904},"rotation":{"x":-0.019762039184570314,"y":-0.06833652406930924,"z":0.0013542311498895288,"w":-0.9974679946899414},"size":46.406131744384769,"orthographic":false}