{"cameraMode":{"drawMode":0,"name":"Shaded","section":"Shading Mode"},"sceneLighting":true,"audioPlay":false,"sceneViewState":{"showFog":true,"showMaterialUpdate":false,"showSkybox":false,"showFlares":true,"showImageEffects":true,"showParticleSystems":true},"in2DMode":false,"pivot":{"x":-0.20690558850765229,"y":1.0580666065216065,"z":-1.4353808164596558},"rotation":{"x":0.041190117597579959,"y":-0.9407283067703247,"z":0.12376360595226288,"w":0.31309717893600466},"size":3.981492280960083,"orthographic":false}