{"cameraMode":{"drawMode":0,"name":"Shaded","section":"Shading Mode"},"sceneLighting":true,"audioPlay":false,"sceneViewState":{"showFog":true,"showMaterialUpdate":false,"showSkybox":false,"showFlares":true,"showImageEffects":true,"showParticleSystems":true},"in2DMode":false,"pivot":{"x":9.64825439453125,"y":2.040456771850586,"z":86.07755279541016},"rotation":{"x":-0.13315171003341676,"y":-0.06180587038397789,"z":0.0083194924518466,"w":-0.9891360402107239},"size":138.98895263671876,"orthographic":false}