{"cameraMode":{"drawMode":0,"name":"Shaded","section":"Shading Mode"},"sceneLighting":true,"audioPlay":false,"sceneViewState":{"showFog":true,"showMaterialUpdate":false,"showSkybox":false,"showFlares":true,"showImageEffects":true,"showParticleSystems":true},"in2DMode":false,"pivot":{"x":0.37662172317504885,"y":-15.264162063598633,"z":69.24036407470703},"rotation":{"x":0.1907370537519455,"y":0.029444443061947824,"z":-0.005723867099732161,"w":0.9811833500862122},"size":95.44070434570313,"orthographic":false}