{"cameraMode":{"drawMode":0,"name":"Shaded","section":"Shading Mode"},"sceneLighting":true,"audioPlay":false,"sceneViewState":{"showFog":true,"showMaterialUpdate":false,"showSkybox":false,"showFlares":true,"showImageEffects":true,"showParticleSystems":true},"in2DMode":false,"pivot":{"x":1.694638729095459,"y":25.406982421875,"z":5.178894996643066},"rotation":{"x":0.13606908917427064,"y":-0.010402122512459755,"z":0.0014287622179836035,"w":0.9906438589096069},"size":8.805649757385254,"orthographic":false}