{"cameraMode":{"drawMode":0,"name":"Shaded","section":"Shading Mode"},"sceneLighting":false,"audioPlay":false,"sceneViewState":{"showFog":true,"showMaterialUpdate":false,"showSkybox":false,"showFlares":true,"showImageEffects":true,"showParticleSystems":true},"in2DMode":false,"pivot":{"x":-0.8069058060646057,"y":15.176366806030274,"z":14.499431610107422},"rotation":{"x":0.05428127199411392,"y":-0.008676600642502308,"z":0.0004714333626907319,"w":0.9984946250915527},"size":40.443572998046878,"orthographic":false}