{"cameraMode":{"drawMode":0,"name":"Shaded","section":"Shading Mode"},"sceneLighting":false,"audioPlay":false,"sceneViewState":{"showFog":true,"showMaterialUpdate":false,"showSkybox":false,"showFlares":true,"showImageEffects":true,"showParticleSystems":true},"in2DMode":false,"pivot":{"x":0.369891881942749,"y":0.19968026876449586,"z":-0.014217615127563477},"rotation":{"x":0.011688753962516785,"y":-0.012903540395200253,"z":-0.00014876025670673698,"w":-0.9998586773872376},"size":2.42116117477417,"orthographic":false}