{"cameraMode":{"drawMode":0,"name":"Shaded","section":"Shading Mode"},"sceneLighting":true,"audioPlay":false,"sceneViewState":{"showFog":true,"showMaterialUpdate":false,"showSkybox":true,"showFlares":true,"showImageEffects":true,"showParticleSystems":true},"in2DMode":false,"pivot":{"x":-0.13879430294036866,"y":27.772857666015626,"z":-1.848288893699646},"rotation":{"x":-0.029057832434773446,"y":0.48843106627464297,"z":-0.01627337373793125,"w":-0.8719790577888489},"size":2.8391494750976564,"orthographic":false}