{"cameraMode":{"drawMode":0,"name":"Shaded","section":"Shading Mode"},"sceneLighting":true,"audioPlay":false,"sceneViewState":{"showFog":true,"showMaterialUpdate":false,"showSkybox":false,"showFlares":true,"showImageEffects":true,"showParticleSystems":true},"in2DMode":false,"pivot":{"x":-2.780163049697876,"y":-24.44860076904297,"z":128.74801635742188},"rotation":{"x":-0.11701668053865433,"y":-0.0202614925801754,"z":0.002388186752796173,"w":-0.9929220080375671},"size":150.35653686523438,"orthographic":false}