{"cameraMode":{"drawMode":0,"name":"Shaded","section":"Shading Mode"},"sceneLighting":true,"audioPlay":false,"sceneViewState":{"showFog":true,"showMaterialUpdate":false,"showSkybox":false,"showFlares":true,"showImageEffects":true,"showParticleSystems":true},"in2DMode":false,"pivot":{"x":0.0,"y":2.5399999618530275,"z":1.244999885559082},"rotation":{"x":-0.07781863957643509,"y":0.10210413485765457,"z":-0.008012550882995129,"w":-0.9917014837265015},"size":60.01556396484375,"orthographic":false}