{"cameraMode":{"drawMode":0,"name":"Shaded","section":"Shading Mode"},"sceneLighting":false,"audioPlay":false,"sceneViewState":{"showFog":true,"showMaterialUpdate":false,"showSkybox":false,"showFlares":true,"showImageEffects":true,"showParticleSystems":true},"in2DMode":false,"pivot":{"x":230.528564453125,"y":89.6050033569336,"z":-21.840599060058595},"rotation":{"x":0.031440380960702899,"y":-0.9632588624954224,"z":0.23297996819019319,"w":0.12995889782905579},"size":22.0,"orthographic":false}