{"cameraMode":{"drawMode":0,"name":"Shaded","section":"Shading Mode"},"sceneLighting":false,"audioPlay":false,"sceneViewState":{"showFog":true,"showMaterialUpdate":false,"showSkybox":false,"showFlares":true,"showImageEffects":true,"showParticleSystems":true},"in2DMode":false,"pivot":{"x":26.456987380981447,"y":27.939847946166993,"z":150.24737548828126},"rotation":{"x":0.0011895450297743083,"y":-0.04139142483472824,"z":-0.00004873405123362318,"w":-0.9991462230682373},"size":219.43968200683595,"orthographic":false}