{"cameraMode":{"drawMode":0,"name":"Shaded","section":"Shading Mode"},"sceneLighting":true,"audioPlay":false,"sceneViewState":{"showFog":true,"showMaterialUpdate":false,"showSkybox":false,"showFlares":true,"showImageEffects":true,"showParticleSystems":true},"in2DMode":false,"pivot":{"x":1.791038155555725,"y":-4.91016149520874,"z":58.333866119384769},"rotation":{"x":0.11074523627758026,"y":0.022359699010849,"z":-0.0024896441027522089,"w":0.9936026334762573},"size":78.14234924316406,"orthographic":false}