{"cameraMode":{"drawMode":0,"name":"Shaded","section":"Shading Mode"},"sceneLighting":true,"audioPlay":false,"sceneViewState":{"showFog":true,"showMaterialUpdate":false,"showSkybox":false,"showFlares":true,"showImageEffects":true,"showParticleSystems":true},"in2DMode":false,"pivot":{"x":-3.826566696166992,"y":10.171598434448243,"z":-0.3176765441894531},"rotation":{"x":0.02249813824892044,"y":0.0014996309764683247,"z":-0.00003374411244294606,"w":0.9997472167015076},"size":25.755462646484376,"orthographic":false}