{"cameraMode":{"drawMode":0,"name":"Shaded","section":"Shading Mode"},"sceneLighting":true,"audioPlay":false,"sceneViewState":{"showFog":true,"showMaterialUpdate":false,"showSkybox":false,"showFlares":true,"showImageEffects":true,"showParticleSystems":true},"in2DMode":false,"pivot":{"x":-15.841378211975098,"y":-10.211833000183106,"z":124.13310241699219},"rotation":{"x":-0.09010529518127442,"y":0.04241067171096802,"z":-0.003840280696749687,"w":-0.9950264096260071},"size":150.17506408691407,"orthographic":false}