{"cameraMode":{"drawMode":0,"name":"Shaded","section":"Shading Mode"},"sceneLighting":true,"audioPlay":false,"sceneViewState":{"showFog":true,"showMaterialUpdate":false,"showSkybox":false,"showFlares":true,"showImageEffects":true,"showParticleSystems":true},"in2DMode":false,"pivot":{"x":-11.785935401916504,"y":-83.07610321044922,"z":285.3913269042969},"rotation":{"x":-0.16305974125862122,"y":0.016867540776729585,"z":-0.0027953502722084524,"w":-0.986502468585968},"size":307.1637878417969,"orthographic":false}