{"cameraMode":{"drawMode":0,"name":"Shaded","section":"Shading Mode"},"sceneLighting":true,"audioPlay":false,"sceneViewState":{"showFog":true,"showMaterialUpdate":false,"showSkybox":false,"showFlares":true,"showImageEffects":true,"showParticleSystems":true},"in2DMode":false,"pivot":{"x":14.809972763061524,"y":48.233489990234378,"z":144.5665740966797},"rotation":{"x":0.08782307058572769,"y":-0.07553623616695404,"z":-0.006678742356598377,"w":-0.9932529926300049},"size":166.31739807128907,"orthographic":false}