{"cameraMode":{"drawMode":0,"name":"Shaded","section":"Shading Mode"},"sceneLighting":true,"audioPlay":false,"sceneViewState":{"showFog":true,"showMaterialUpdate":false,"showSkybox":false,"showFlares":true,"showImageEffects":true,"showParticleSystems":true},"in2DMode":false,"pivot":{"x":-3.641331911087036,"y":0.7097076177597046,"z":-12.077845573425293},"rotation":{"x":-0.0751432254910469,"y":-0.05023922771215439,"z":0.0037908551748842,"w":-0.9959059357643127},"size":30.450668334960939,"orthographic":false}