{"cameraMode":{"drawMode":0,"name":"Shaded","section":"Shading Mode"},"sceneLighting":true,"audioPlay":false,"sceneViewState":{"showFog":true,"showMaterialUpdate":false,"showSkybox":false,"showFlares":true,"showImageEffects":true,"showParticleSystems":true},"in2DMode":false,"pivot":{"x":6.75221061706543,"y":-15.547969818115235,"z":68.74317932128906},"rotation":{"x":0.1907370537519455,"y":0.029444443061947824,"z":-0.005723867099732161,"w":0.9811833500862122},"size":78.14234924316406,"orthographic":false}