{"cameraMode":{"drawMode":0,"name":"Shaded","section":"Shading Mode"},"sceneLighting":true,"audioPlay":false,"sceneViewState":{"showFog":true,"showMaterialUpdate":false,"showSkybox":false,"showFlares":true,"showImageEffects":true,"showParticleSystems":true},"in2DMode":false,"pivot":{"x":-45.748165130615237,"y":-38.7361946105957,"z":102.57012939453125},"rotation":{"x":-0.19262029230594636,"y":0.16890957951545716,"z":-0.03367972746491432,"w":-0.9660466313362122},"size":138.98895263671876,"orthographic":false}