{"cameraMode":{"drawMode":0,"name":"Shaded","section":"Shading Mode"},"sceneLighting":true,"audioPlay":false,"sceneViewState":{"showFog":true,"showMaterialUpdate":false,"showSkybox":false,"showFlares":true,"showImageEffects":true,"showParticleSystems":true},"in2DMode":false,"pivot":{"x":-40.93464660644531,"y":-14.32697868347168,"z":391.81005859375},"rotation":{"x":-0.045253388583660129,"y":0.044042643159627917,"z":-0.0019713398069143297,"w":-0.9980776906013489},"size":408.78973388671877,"orthographic":false}