{"cameraMode":{"drawMode":0,"name":"Shaded","section":"Shading Mode"},"sceneLighting":true,"audioPlay":false,"sceneViewState":{"showFog":true,"showMaterialUpdate":false,"showSkybox":false,"showFlares":true,"showImageEffects":true,"showParticleSystems":true},"in2DMode":false,"pivot":{"x":9.481488227844239,"y":8.627500534057618,"z":122.82401275634766},"rotation":{"x":-0.028735360130667688,"y":-0.06981749832630158,"z":0.0020119615364819767,"w":-0.9971510171890259},"size":142.71273803710938,"orthographic":false}