{"cameraMode":{"drawMode":0,"name":"Shaded","section":"Shading Mode"},"sceneLighting":true,"audioPlay":false,"sceneViewState":{"showFog":true,"showMaterialUpdate":false,"showSkybox":false,"showFlares":true,"showImageEffects":true,"showParticleSystems":true},"in2DMode":false,"pivot":{"x":-7.478694915771484,"y":6.3055806159973148,"z":113.09458923339844},"rotation":{"x":-0.0572773776948452,"y":0.006585638038814068,"z":-0.0003778300015255809,"w":-0.9983407258987427},"size":150.50978088378907,"orthographic":false}