{"cameraMode":{"drawMode":0,"name":"Shaded","section":"Shading Mode"},"sceneLighting":false,"audioPlay":false,"sceneViewState":{"showFog":true,"showMaterialUpdate":false,"showSkybox":false,"showFlares":true,"showImageEffects":true,"showParticleSystems":true},"in2DMode":false,"pivot":{"x":-0.16175465285778047,"y":1.169930100440979,"z":-0.8254097700119019},"rotation":{"x":-0.6295753121376038,"y":0.02143235132098198,"z":-0.0173778235912323,"w":-0.7764574885368347},"size":3.5393686294555666,"orthographic":false}