{"cameraMode":{"drawMode":0,"name":"Shaded","section":"Shading Mode"},"sceneLighting":true,"audioPlay":false,"sceneViewState":{"showFog":true,"showMaterialUpdate":false,"showSkybox":false,"showFlares":true,"showImageEffects":true,"showParticleSystems":true},"in2DMode":false,"pivot":{"x":17.40045166015625,"y":13.786812782287598,"z":42.95749282836914},"rotation":{"x":-0.08119243383407593,"y":-0.026313412934541704,"z":0.002144566038623452,"w":-0.9963549375534058},"size":94.13269805908203,"orthographic":false}