{"cameraMode":{"drawMode":0,"name":"Shaded","section":"Shading Mode"},"sceneLighting":true,"audioPlay":false,"sceneViewState":{"showFog":true,"showMaterialUpdate":false,"showSkybox":false,"showFlares":true,"showImageEffects":true,"showParticleSystems":true},"in2DMode":false,"pivot":{"x":7.727376461029053,"y":-3.5423386096954347,"z":31.059961318969728},"rotation":{"x":-0.07668805867433548,"y":-0.03529098629951477,"z":0.0027476504910737278,"w":-0.9964599013328552},"size":40.010372161865237,"orthographic":false}