{"cameraMode":{"drawMode":0,"name":"Shaded","section":"Shading Mode"},"sceneLighting":true,"audioPlay":false,"sceneViewState":{"showFog":true,"showMaterialUpdate":false,"showSkybox":false,"showFlares":true,"showImageEffects":true,"showParticleSystems":true},"in2DMode":false,"pivot":{"x":-27.875871658325197,"y":-50.79281234741211,"z":267.2080078125},"rotation":{"x":-0.12740035355091096,"y":0.03183075785636902,"z":-0.004096934571862221,"w":-0.9913665056228638},"size":307.1637878417969,"orthographic":false}