{"cameraMode":{"drawMode":0,"name":"Shaded","section":"Shading Mode"},"sceneLighting":true,"audioPlay":false,"sceneViewState":{"showFog":true,"showMaterialUpdate":false,"showSkybox":false,"showFlares":true,"showImageEffects":true,"showParticleSystems":true},"in2DMode":false,"pivot":{"x":0.6206041574478149,"y":0.2488412857055664,"z":-0.8940958976745606},"rotation":{"x":-0.04681995511054993,"y":0.3397497236728668,"z":-0.016936887055635454,"w":-0.939204216003418},"size":3.4241058826446535,"orthographic":false}