{"cameraMode":{"drawMode":0,"name":"Shaded","section":"Shading Mode"},"sceneLighting":true,"audioPlay":false,"sceneViewState":{"showFog":true,"showMaterialUpdate":false,"showSkybox":false,"showFlares":true,"showImageEffects":true,"showParticleSystems":true},"in2DMode":false,"pivot":{"x":-6.147434711456299,"y":107.94925689697266,"z":126.68355560302735},"rotation":{"x":0.2591986358165741,"y":0.0034722366835922004,"z":0.0009340733522549272,"w":-0.9658342599868774},"size":168.66067504882813,"orthographic":false}