{"cameraMode":{"drawMode":0,"name":"Shaded","section":"Shading Mode"},"sceneLighting":true,"audioPlay":false,"sceneViewState":{"showFog":true,"showMaterialUpdate":false,"showSkybox":false,"showFlares":true,"showImageEffects":true,"showParticleSystems":true},"in2DMode":false,"pivot":{"x":-8.670351028442383,"y":-34.76884078979492,"z":129.7101287841797},"rotation":{"x":-0.08418777585029602,"y":0.02301303669810295,"z":-0.0019442124757915736,"w":-0.9961870908737183},"size":161.19973754882813,"orthographic":false}