{"cameraMode":{"drawMode":0,"name":"Shaded","section":"Shading Mode"},"sceneLighting":false,"audioPlay":false,"sceneViewState":{"showFog":true,"showMaterialUpdate":false,"showSkybox":false,"showFlares":true,"showImageEffects":true,"showParticleSystems":true},"in2DMode":false,"pivot":{"x":11.67453670501709,"y":20.89726448059082,"z":141.28338623046876},"rotation":{"x":0.03710953891277313,"y":-0.06231969594955444,"z":-0.002318453975021839,"w":-0.9973658919334412},"size":149.5522003173828,"orthographic":false}