{"cameraMode":{"drawMode":0,"name":"Shaded","section":"Shading Mode"},"sceneLighting":true,"audioPlay":false,"sceneViewState":{"showFog":true,"showMaterialUpdate":false,"showSkybox":false,"showFlares":true,"showImageEffects":true,"showParticleSystems":true},"in2DMode":false,"pivot":{"x":-96.03165435791016,"y":-31.20586395263672,"z":114.14844512939453},"rotation":{"x":-0.1767798364162445,"y":0.3161134719848633,"z":-0.06007659062743187,"w":-0.9301773309707642},"size":174.25900268554688,"orthographic":false}