{"cameraMode":{"drawMode":0,"name":"Shaded","section":"Shading Mode"},"sceneLighting":false,"audioPlay":false,"sceneViewState":{"showFog":true,"showMaterialUpdate":false,"showSkybox":false,"showFlares":true,"showImageEffects":true,"showParticleSystems":true},"in2DMode":false,"pivot":{"x":0.00026535987854003906,"y":0.4003734886646271,"z":-0.9999973177909851},"rotation":{"x":-0.08421050757169724,"y":0.0005933052161708474,"z":-0.000050905604439321905,"w":-0.996454656124115},"size":8.715287208557129,"orthographic":false}