{"cameraMode":{"drawMode":0,"name":"Shaded","section":"Shading Mode"},"sceneLighting":false,"audioPlay":false,"sceneViewState":{"showFog":true,"showMaterialUpdate":false,"showSkybox":false,"showFlares":true,"showImageEffects":true,"showParticleSystems":true},"in2DMode":false,"pivot":{"x":21.323585510253908,"y":31.046669006347658,"z":139.31044006347657},"rotation":{"x":0.03710953891277313,"y":-0.06231969594955444,"z":-0.002318453975021839,"w":-0.9973658919334412},"size":172.93223571777345,"orthographic":false}