{"cameraMode":{"drawMode":0,"name":"Shaded","section":"Shading Mode"},"sceneLighting":false,"audioPlay":false,"sceneViewState":{"showFog":true,"showMaterialUpdate":false,"showSkybox":false,"showFlares":true,"showImageEffects":true,"showParticleSystems":true},"in2DMode":false,"pivot":{"x":-0.000003814697265625,"y":1.983189344406128,"z":0.0},"rotation":{"x":0.3434063196182251,"y":0.04702747240662575,"z":-0.01722009666264057,"w":0.9378525018692017},"size":20.285268783569337,"orthographic":false}