{"cameraMode":{"drawMode":0,"name":"Shaded","section":"Shading Mode"},"sceneLighting":true,"audioPlay":false,"sceneViewState":{"showFog":true,"showMaterialUpdate":false,"showSkybox":false,"showFlares":true,"showImageEffects":true,"showParticleSystems":true},"in2DMode":false,"pivot":{"x":-1.757306694984436,"y":26.341705322265626,"z":4.68126106262207},"rotation":{"x":0.17897585034370423,"y":0.02420205995440483,"z":-0.004404188133776188,"w":0.9835475087165833},"size":26.383398056030275,"orthographic":false}