{"cameraMode":{"drawMode":0,"name":"Shaded","section":"Shading Mode"},"sceneLighting":true,"audioPlay":false,"sceneViewState":{"showFog":true,"showMaterialUpdate":false,"showSkybox":false,"showFlares":true,"showImageEffects":true,"showParticleSystems":true},"in2DMode":false,"pivot":{"x":-5.995004653930664,"y":22.169723510742189,"z":-0.33099937438964846},"rotation":{"x":-0.24840816855430604,"y":0.09628487378358841,"z":-0.024820124730467798,"w":-0.9635525941848755},"size":168.66067504882813,"orthographic":false}