{"cameraMode":{"drawMode":0,"name":"Shaded","section":"Shading Mode"},"sceneLighting":false,"audioPlay":false,"sceneViewState":{"showFog":true,"showMaterialUpdate":false,"showSkybox":false,"showFlares":true,"showImageEffects":true,"showParticleSystems":true},"in2DMode":false,"pivot":{"x":-0.09505486488342285,"y":0.03893089294433594,"z":-0.0002079010009765625},"rotation":{"x":0.3434063196182251,"y":0.04702747240662575,"z":-0.01722009666264057,"w":0.9378525018692017},"size":12.357309341430664,"orthographic":false}