{"cameraMode":{"drawMode":0,"name":"Shaded","section":"Shading Mode"},"sceneLighting":false,"audioPlay":false,"sceneViewState":{"showFog":true,"showMaterialUpdate":false,"showSkybox":false,"showFlares":true,"showImageEffects":true,"showParticleSystems":true},"in2DMode":false,"pivot":{"x":-29.832210540771486,"y":16.421903610229493,"z":67.4746322631836},"rotation":{"x":0.01959565095603466,"y":-0.14613665640354157,"z":0.002896000863984227,"w":0.9890763759613037},"size":101.51214599609375,"orthographic":false}