{"cameraMode":{"drawMode":0,"name":"Shaded","section":"Shading Mode"},"sceneLighting":true,"audioPlay":false,"sceneViewState":{"showFog":true,"showMaterialUpdate":false,"showSkybox":false,"showFlares":true,"showImageEffects":true,"showParticleSystems":true},"in2DMode":false,"pivot":{"x":3.8354220390319826,"y":3.058582305908203,"z":-18.570899963378908},"rotation":{"x":0.03145238384604454,"y":-0.051849085837602618,"z":0.0016337863635271788,"w":0.9981587529182434},"size":-1.4270801544189454,"orthographic":false}