{"cameraMode":{"drawMode":0,"name":"Shaded","section":"Shading Mode"},"sceneLighting":false,"audioPlay":false,"sceneViewState":{"showFog":true,"showMaterialUpdate":false,"showSkybox":false,"showFlares":true,"showImageEffects":true,"showParticleSystems":true},"in2DMode":false,"pivot":{"x":1.1565465927124024,"y":12.00019359588623,"z":123.48188781738281},"rotation":{"x":-0.03779525309801102,"y":-0.01738949492573738,"z":0.0006577610038220882,"w":-0.9991416931152344},"size":148.548583984375,"orthographic":false}