{"cameraMode":{"drawMode":0,"name":"Shaded","section":"Shading Mode"},"sceneLighting":false,"audioPlay":false,"sceneViewState":{"showFog":true,"showMaterialUpdate":false,"showSkybox":false,"showFlares":true,"showImageEffects":true,"showParticleSystems":true},"in2DMode":false,"pivot":{"x":5.275466442108154,"y":34.33232116699219,"z":141.59275817871095},"rotation":{"x":-0.01230705063790083,"y":-0.02039971575140953,"z":0.00025091535644605756,"w":-0.9997193813323975},"size":150.2140350341797,"orthographic":false}