{"cameraMode":{"drawMode":0,"name":"Shaded","section":"Shading Mode"},"sceneLighting":true,"audioPlay":false,"sceneViewState":{"showFog":true,"showMaterialUpdate":false,"showSkybox":false,"showFlares":true,"showImageEffects":true,"showParticleSystems":true},"in2DMode":false,"pivot":{"x":-151.39801025390626,"y":-97.58903503417969,"z":15.691094398498536},"rotation":{"x":-0.4284835159778595,"y":0.12322217226028443,"z":-0.0591154508292675,"w":-0.8931552171707153},"size":148.79177856445313,"orthographic":false}