{"cameraMode":{"drawMode":0,"name":"Shaded","section":"Shading Mode"},"sceneLighting":false,"audioPlay":false,"sceneViewState":{"showFog":true,"showMaterialUpdate":false,"showSkybox":false,"showFlares":true,"showImageEffects":true,"showParticleSystems":true},"in2DMode":false,"pivot":{"x":-133.8970489501953,"y":-22.466856002807618,"z":29.32686996459961},"rotation":{"x":-0.18358249962329865,"y":0.04333275929093361,"z":-0.008100707083940506,"w":-0.9820243120193481},"size":151.0165557861328,"orthographic":false}