{"cameraMode":{"drawMode":0,"name":"Shaded","section":"Shading Mode"},"sceneLighting":false,"audioPlay":false,"sceneViewState":{"showFog":true,"showMaterialUpdate":false,"showSkybox":false,"showFlares":true,"showImageEffects":true,"showParticleSystems":true},"in2DMode":false,"pivot":{"x":8.129658699035645,"y":-36.8824462890625,"z":459.5951843261719},"rotation":{"x":-0.04379529505968094,"y":-0.009896031580865384,"z":0.00041389447869732976,"w":-0.9990342259407044},"size":488.6020812988281,"orthographic":false}