{"cameraMode":{"drawMode":0,"name":"Shaded","section":"Shading Mode"},"sceneLighting":true,"audioPlay":false,"sceneViewState":{"showFog":true,"showMaterialUpdate":false,"showSkybox":true,"showFlares":true,"showImageEffects":true,"showParticleSystems":true},"in2DMode":false,"pivot":{"x":-4.401869773864746,"y":1.0643730163574219,"z":4.734657287597656},"rotation":{"x":-0.16011913120746613,"y":-0.006813454907387495,"z":0.0011185919865965844,"w":-0.9871010184288025},"size":69.53677368164063,"orthographic":false}