{"cameraMode":{"drawMode":0,"name":"Shaded","section":"Shading Mode"},"sceneLighting":false,"audioPlay":false,"sceneViewState":{"showFog":true,"showMaterialUpdate":false,"showSkybox":false,"showFlares":true,"showImageEffects":true,"showParticleSystems":true},"in2DMode":false,"pivot":{"x":24.77914047241211,"y":17.938934326171876,"z":-2.961564302444458},"rotation":{"x":-0.07924216985702515,"y":-0.5404903888702393,"z":-0.05122891068458557,"w":0.8360478281974793},"size":14.35818099975586,"orthographic":false}
