{"cameraMode":{"drawMode":0,"name":"Shaded","section":"Shading Mode"},"sceneLighting":false,"audioPlay":false,"sceneViewState":{"showFog":true,"showMaterialUpdate":false,"showSkybox":false,"showFlares":true,"showImageEffects":true,"showParticleSystems":true},"in2DMode":false,"pivot":{"x":-4.362955570220947,"y":10.403217315673829,"z":-0.749762773513794},"rotation":{"x":-0.22030232846736909,"y":0.11876310408115387,"z":-0.027038296684622766,"w":-0.9678442478179932},"size":8.7970552444458,"orthographic":false}