{"cameraMode":{"drawMode":0,"name":"Shaded","section":"Shading Mode"},"sceneLighting":false,"audioPlay":false,"sceneViewState":{"showFog":true,"showMaterialUpdate":false,"showSkybox":false,"showFlares":true,"showImageEffects":true,"showParticleSystems":true},"in2DMode":false,"pivot":{"x":-3.981825113296509,"y":31.064529418945314,"z":0.1845703125},"rotation":{"x":0.11374198645353317,"y":0.014009706676006318,"z":-0.001604030723683536,"w":0.9934103488922119},"size":16.27153778076172,"orthographic":false}