{"cameraMode":{"drawMode":0,"name":"Shaded","section":"Shading Mode"},"sceneLighting":false,"audioPlay":false,"sceneViewState":{"showFog":true,"showMaterialUpdate":false,"showSkybox":false,"showFlares":true,"showImageEffects":true,"showParticleSystems":true},"in2DMode":false,"pivot":{"x":2.2013251781463625,"y":-6.6698737144470219,"z":127.03689575195313},"rotation":{"x":-0.08863621205091477,"y":-0.03675356134772301,"z":0.0032511516474187376,"w":-0.9954175353050232},"size":145.54568481445313,"orthographic":false}