{"cameraMode":{"drawMode":0,"name":"Shaded","section":"Shading Mode"},"sceneLighting":false,"audioPlay":false,"sceneViewState":{"showFog":true,"showMaterialUpdate":false,"showSkybox":false,"showFlares":true,"showImageEffects":true,"showParticleSystems":true},"in2DMode":false,"pivot":{"x":0.6666731834411621,"y":1.5123544931411744,"z":1.6158994436264039},"rotation":{"x":-0.07820840179920197,"y":-0.024824252352118493,"z":0.0019344801548868418,"w":-0.996665894985199},"size":3.403054714202881,"orthographic":false}