{"cameraMode":{"drawMode":0,"name":"Shaded","section":"Shading Mode"},"sceneLighting":false,"audioPlay":false,"sceneViewState":{"showFog":true,"showMaterialUpdate":false,"showSkybox":false,"showFlares":true,"showImageEffects":true,"showParticleSystems":true},"in2DMode":false,"pivot":{"x":-4.764558792114258,"y":2.4365572929382326,"z":1.753475546836853},"rotation":{"x":0.013433498330414296,"y":0.0988294705748558,"z":-0.0013342770980671049,"w":0.9950137138366699},"size":26.213369369506837,"orthographic":false}