{"cameraMode":{"drawMode":0,"name":"Shaded","section":"Shading Mode"},"sceneLighting":false,"audioPlay":false,"sceneViewState":{"showFog":true,"showMaterialUpdate":false,"showSkybox":false,"showFlares":true,"showImageEffects":true,"showParticleSystems":true},"in2DMode":false,"pivot":{"x":0.2051127851009369,"y":11.177889823913575,"z":-19.963945388793947},"rotation":{"x":-0.07373999059200287,"y":-0.011373755522072316,"z":0.0008304908405989409,"w":-0.9972426891326904},"size":20.74880599975586,"orthographic":false}