{"cameraMode":{"drawMode":0,"name":"Shaded","section":"Shading Mode"},"sceneLighting":false,"audioPlay":false,"sceneViewState":{"showFog":true,"showMaterialUpdate":false,"showSkybox":false,"showFlares":true,"showImageEffects":true,"showParticleSystems":true},"in2DMode":false,"pivot":{"x":-12.601792335510254,"y":4.393775463104248,"z":11.868009567260743},"rotation":{"x":-0.07933999598026276,"y":-0.09793218225240708,"z":0.00783175602555275,"w":-0.9920002222061157},"size":0.00005715767838410102,"orthographic":false}