{"cameraMode":{"drawMode":0,"name":"Shaded","section":"Shading Mode"},"sceneLighting":false,"audioPlay":false,"sceneViewState":{"showFog":true,"showMaterialUpdate":false,"showSkybox":false,"showFlares":true,"showImageEffects":true,"showParticleSystems":true},"in2DMode":false,"pivot":{"x":-5.834764003753662,"y":5.345465660095215,"z":27.04926300048828},"rotation":{"x":-0.058778345584869388,"y":0.0005892463959753513,"z":-0.00011255766730755568,"w":-0.9983354210853577},"size":45.658485412597659,"orthographic":false}