{"cameraMode":{"drawMode":0,"name":"Shaded","section":"Shading Mode"},"sceneLighting":false,"audioPlay":false,"sceneViewState":{"showFog":true,"showMaterialUpdate":false,"showSkybox":false,"showFlares":true,"showImageEffects":true,"showParticleSystems":true},"in2DMode":false,"pivot":{"x":-3.3831307888031008,"y":-68.44633483886719,"z":523.5543212890625},"rotation":{"x":-0.09467403590679169,"y":-0.0009120795875787735,"z":-0.000040324383007828146,"w":-0.9955808520317078},"size":682.2800903320313,"orthographic":false}
