{"cameraMode":{"drawMode":0,"name":"Shaded","section":"Shading Mode"},"sceneLighting":false,"audioPlay":false,"sceneViewState":{"showFog":true,"showMaterialUpdate":false,"showSkybox":false,"showFlares":true,"showImageEffects":true,"showParticleSystems":true},"in2DMode":false,"pivot":{"x":-5.2968831062316898,"y":-4.08812952041626,"z":-8.181428909301758},"rotation":{"x":0.18930824100971223,"y":-0.020618606358766557,"z":0.003976061940193176,"w":0.9816935062408447},"size":14.595075607299805,"orthographic":false}