{"cameraMode":{"drawMode":0,"name":"Shaded","section":"Shading Mode"},"sceneLighting":false,"audioPlay":false,"sceneViewState":{"showFog":true,"showMaterialUpdate":false,"showSkybox":false,"showFlares":true,"showImageEffects":true,"showParticleSystems":true},"in2DMode":false,"pivot":{"x":1.611134648323059,"y":18.62937355041504,"z":49.6104736328125},"rotation":{"x":-0.03623484820127487,"y":-0.06082635372877121,"z":0.0022134981118142606,"w":-0.9975262880325317},"size":63.96066665649414,"orthographic":false}