{"cameraMode":{"drawMode":0,"name":"Shaded","section":"Shading Mode"},"sceneLighting":false,"audioPlay":false,"sceneViewState":{"showFog":true,"showMaterialUpdate":false,"showSkybox":false,"showFlares":true,"showImageEffects":true,"showParticleSystems":true},"in2DMode":false,"pivot":{"x":11.649836540222168,"y":44.67734909057617,"z":-9.042068481445313},"rotation":{"x":-0.02099752053618431,"y":0.009599844925105572,"z":0.00020172428048681468,"w":0.999734103679657},"size":76.45454406738281,"orthographic":false}