{"cameraMode":{"drawMode":0,"name":"Shaded","section":"Shading Mode"},"sceneLighting":false,"audioPlay":false,"sceneViewState":{"showFog":true,"showMaterialUpdate":false,"showSkybox":false,"showFlares":true,"showImageEffects":true,"showParticleSystems":true},"in2DMode":false,"pivot":{"x":-0.10973525047302246,"y":-0.53854900598526,"z":-1.0199973583221436},"rotation":{"x":-0.06623992323875427,"y":0.026035642251372339,"z":-0.001740661566145718,"w":-0.9974920749664307},"size":11.536553382873536,"orthographic":false}