{"cameraMode":{"drawMode":0,"name":"Shaded","section":"Shading Mode"},"sceneLighting":false,"audioPlay":false,"sceneViewState":{"showFog":true,"showMaterialUpdate":false,"showSkybox":false,"showFlares":true,"showImageEffects":true,"showParticleSystems":true},"in2DMode":false,"pivot":{"x":1.71907377243042,"y":26.090139389038087,"z":0.9972038269042969},"rotation":{"x":0.1415112167596817,"y":0.08364523202180863,"z":-0.012000046670436859,"w":0.986331582069397},"size":40.97837829589844,"orthographic":false}