{"cameraMode":{"drawMode":0,"name":"Shaded","section":"Shading Mode"},"sceneLighting":false,"audioPlay":false,"sceneViewState":{"showFog":true,"showMaterialUpdate":false,"showSkybox":false,"showFlares":true,"showImageEffects":true,"showParticleSystems":true},"in2DMode":false,"pivot":{"x":-3.412269115447998,"y":28.105018615722658,"z":-46.99620819091797},"rotation":{"x":-0.08121401071548462,"y":0.014042586088180542,"z":-0.0012465807376429439,"w":-0.9966539740562439},"size":2.132488250732422,"orthographic":false}