{"cameraMode":{"drawMode":0,"name":"Shaded","section":"Shading Mode"},"sceneLighting":false,"audioPlay":false,"sceneViewState":{"showFog":true,"showMaterialUpdate":false,"showSkybox":false,"showFlares":true,"showImageEffects":true,"showParticleSystems":true},"in2DMode":false,"pivot":{"x":-5.436644077301025,"y":29.761594772338868,"z":-23.045490264892579},"rotation":{"x":-0.12441280484199524,"y":-0.035123731940984729,"z":0.004395508673042059,"w":-0.9916344285011292},"size":3.4241111278533937,"orthographic":false}