{"cameraMode":{"drawMode":0,"name":"Shaded","section":"Shading Mode"},"sceneLighting":false,"audioPlay":false,"sceneViewState":{"showFog":true,"showMaterialUpdate":false,"showSkybox":false,"showFlares":true,"showImageEffects":true,"showParticleSystems":true},"in2DMode":false,"pivot":{"x":-0.5350292325019836,"y":1.0191752910614014,"z":0.019532442092895509},"rotation":{"x":-0.2774861752986908,"y":-0.5592305064201355,"z":0.20593391358852387,"w":-0.7536235451698303},"size":2.8578836917877199,"orthographic":false}