{"cameraMode":{"drawMode":0,"name":"Shaded","section":"Shading Mode"},"sceneLighting":false,"audioPlay":false,"sceneViewState":{"showFog":true,"showMaterialUpdate":false,"showSkybox":false,"showFlares":true,"showImageEffects":true,"showParticleSystems":true},"in2DMode":false,"pivot":{"x":-146.974609375,"y":4.198423862457275,"z":-0.6672373414039612},"rotation":{"x":0.08770831674337387,"y":0.6739498972892761,"z":0.08103028684854508,"w":-0.729117214679718},"size":11.601263999938965,"orthographic":false}