{"cameraMode":{"drawMode":0,"name":"Shaded","section":"Shading Mode"},"sceneLighting":false,"audioPlay":false,"sceneViewState":{"showFog":true,"showMaterialUpdate":false,"showSkybox":false,"showFlares":true,"showImageEffects":true,"showParticleSystems":true},"in2DMode":false,"pivot":{"x":-117.97740173339844,"y":21.887187957763673,"z":-71.12242126464844},"rotation":{"x":-0.20137298107147218,"y":-0.022925294935703279,"z":0.004702437669038773,"w":-0.9792652726173401},"size":38.91328811645508,"orthographic":false}