{"cameraMode":{"drawMode":0,"name":"Shaded","section":"Shading Mode"},"sceneLighting":false,"audioPlay":false,"sceneViewState":{"showFog":true,"showMaterialUpdate":false,"showSkybox":false,"showFlares":true,"showImageEffects":true,"showParticleSystems":true},"in2DMode":false,"pivot":{"x":-116.8307113647461,"y":24.710582733154298,"z":-72.90652465820313},"rotation":{"x":0.2187577784061432,"y":0.41546744108200076,"z":-0.10365455597639084,"w":0.8768115639686585},"size":42.903053283691409,"orthographic":false}