{"cameraMode":{"drawMode":0,"name":"Shaded","section":"Shading Mode"},"sceneLighting":false,"audioPlay":false,"sceneViewState":{"showFog":true,"showMaterialUpdate":false,"showSkybox":false,"showFlares":true,"showImageEffects":true,"showParticleSystems":true},"in2DMode":false,"pivot":{"x":-37.28380584716797,"y":-0.5350551605224609,"z":6.0804290771484379},"rotation":{"x":-0.12741035223007203,"y":-0.029159629717469217,"z":0.0037606069818139078,"w":-0.9914377331733704},"size":58.54594802856445,"orthographic":false}