{"cameraMode":{"drawMode":0,"name":"Shaded","section":"Shading Mode"},"sceneLighting":false,"audioPlay":false,"sceneViewState":{"showFog":true,"showMaterialUpdate":false,"showSkybox":false,"showFlares":true,"showImageEffects":true,"showParticleSystems":true},"in2DMode":false,"pivot":{"x":-1.119001865386963,"y":1.905228614807129,"z":-8.373506546020508},"rotation":{"x":0.1434316337108612,"y":-0.031168818473815919,"z":0.00451959203928709,"w":0.9891589879989624},"size":16.679040908813478,"orthographic":false}