{"cameraMode":{"drawMode":0,"name":"Shaded","section":"Shading Mode"},"sceneLighting":false,"audioPlay":false,"sceneViewState":{"showFog":true,"showMaterialUpdate":false,"showSkybox":false,"showFlares":true,"showImageEffects":true,"showParticleSystems":true},"in2DMode":false,"pivot":{"x":-1.87172269821167,"y":32.34711456298828,"z":5.083316802978516},"rotation":{"x":0.22306276857852937,"y":-0.01988217793405056,"z":0.004550951067358255,"w":0.9746037125587463},"size":31.574840545654298,"orthographic":false}