{"cameraMode":{"drawMode":0,"name":"Shaded","section":"Shading Mode"},"sceneLighting":false,"audioPlay":false,"sceneViewState":{"showFog":true,"showMaterialUpdate":false,"showSkybox":false,"showFlares":true,"showImageEffects":true,"showParticleSystems":true},"in2DMode":false,"pivot":{"x":-8.351425170898438,"y":0.5260050296783447,"z":1.3574272394180298},"rotation":{"x":0.19278928637504579,"y":-0.09842948615550995,"z":0.019440924748778344,"w":0.976099967956543},"size":28.25990104675293,"orthographic":false}