{"cameraMode":{"drawMode":0,"name":"Shaded","section":"Shading Mode"},"sceneLighting":false,"audioPlay":false,"sceneViewState":{"showFog":true,"showMaterialUpdate":false,"showSkybox":false,"showFlares":true,"showImageEffects":true,"showParticleSystems":true},"in2DMode":false,"pivot":{"x":0.32544952630996706,"y":-1.1007719039916993,"z":-1.3577823638916016},"rotation":{"x":-0.2552255392074585,"y":0.04117522016167641,"z":-0.010880385525524617,"w":-0.9659886360168457},"size":3.305422067642212,"orthographic":false}