{"cameraMode":{"drawMode":0,"name":"Shaded","section":"Shading Mode"},"sceneLighting":false,"audioPlay":false,"sceneViewState":{"showFog":true,"showMaterialUpdate":false,"showSkybox":false,"showFlares":true,"showImageEffects":true,"showParticleSystems":true},"in2DMode":false,"pivot":{"x":-14.693282127380371,"y":37.422298431396487,"z":-4.200813293457031},"rotation":{"x":-0.4371477961540222,"y":0.1967993974685669,"z":0.09874995797872544,"w":0.8720616698265076},"size":20.74880599975586,"orthographic":false}
