{"cameraMode":{"drawMode":0,"name":"Shaded","section":"Shading Mode"},"sceneLighting":false,"audioPlay":false,"sceneViewState":{"showFog":true,"showMaterialUpdate":false,"showSkybox":false,"showFlares":true,"showImageEffects":true,"showParticleSystems":true},"in2DMode":false,"pivot":{"x":53.94948959350586,"y":-10.42737102508545,"z":-0.3890700340270996},"rotation":{"x":-0.07893640547990799,"y":-0.7171187400817871,"z":0.08234263211488724,"w":-0.6876084804534912},"size":60.01556396484375,"orthographic":false}