{"cameraMode":{"drawMode":0,"name":"Shaded","section":"Shading Mode"},"sceneLighting":false,"audioPlay":false,"sceneViewState":{"showFog":true,"showMaterialUpdate":false,"showSkybox":false,"showFlares":true,"showImageEffects":true,"showParticleSystems":true},"in2DMode":false,"pivot":{"x":-3.6567306518554689,"y":-30.592609405517579,"z":35.51734161376953},"rotation":{"x":-0.03180151805281639,"y":-0.0173955075442791,"z":0.0005587103660218418,"w":-0.9993761777877808},"size":58.35964584350586,"orthographic":false}
