{"cameraMode":{"drawMode":0,"name":"Shaded","section":"Shading Mode"},"sceneLighting":false,"audioPlay":false,"sceneViewState":{"showFog":true,"showMaterialUpdate":false,"showSkybox":false,"showFlares":true,"showImageEffects":true,"showParticleSystems":true},"in2DMode":false,"pivot":{"x":-7.931314468383789,"y":10.01346206665039,"z":126.86956024169922},"rotation":{"x":-0.055775921791791919,"y":0.014075894840061665,"z":-0.0008017630316317081,"w":-0.9983686208724976},"size":181.26939392089845,"orthographic":false}