{"cameraMode":{"drawMode":0,"name":"Shaded","section":"Shading Mode"},"sceneLighting":true,"audioPlay":false,"sceneViewState":{"showFog":true,"showMaterialUpdate":false,"showSkybox":true,"showFlares":true,"showImageEffects":true,"showParticleSystems":true},"in2DMode":false,"pivot":{"x":-8.474043846130371,"y":15.804511070251465,"z":10.127342224121094},"rotation":{"x":-0.030243221670389177,"y":0.06502129882574082,"z":-0.0019641569815576078,"w":-0.9974499940872192},"size":58.429569244384769,"orthographic":false}