{"cameraMode":{"drawMode":0,"name":"Shaded","section":"Shading Mode"},"sceneLighting":false,"audioPlay":false,"sceneViewState":{"showFog":true,"showMaterialUpdate":false,"showSkybox":false,"showFlares":true,"showImageEffects":true,"showParticleSystems":true},"in2DMode":false,"pivot":{"x":-3.5956666469573976,"y":11.489972114562989,"z":-39.68667984008789},"rotation":{"x":0.029961835592985154,"y":-0.047359172254800799,"z":0.0014212257228791714,"w":0.9984275698661804},"size":4.394315719604492,"orthographic":false}