{"cameraMode":{"drawMode":0,"name":"Shaded","section":"Shading Mode"},"sceneLighting":false,"audioPlay":false,"sceneViewState":{"showFog":true,"showMaterialUpdate":false,"showSkybox":false,"showFlares":true,"showImageEffects":true,"showParticleSystems":true},"in2DMode":false,"pivot":{"x":-144.41246032714845,"y":1.8235502243041993,"z":1.7871556282043458},"rotation":{"x":0.03267757222056389,"y":-0.020393475890159608,"z":-0.0006523490883409977,"w":-0.9992955327033997},"size":5.773491382598877,"orthographic":false}