{"cameraMode":{"drawMode":0,"name":"Shaded","section":"Shading Mode"},"sceneLighting":false,"audioPlay":false,"sceneViewState":{"showFog":true,"showMaterialUpdate":false,"showSkybox":false,"showFlares":true,"showImageEffects":true,"showParticleSystems":true},"in2DMode":false,"pivot":{"x":-6.637447357177734,"y":8.667487144470215,"z":-19.869482040405275},"rotation":{"x":-0.10802881419658661,"y":-0.036681465804576877,"z":0.003982191905379295,"w":-0.993499219417572},"size":8.497087478637696,"orthographic":false}