{"cameraMode":{"drawMode":0,"name":"Shaded","section":"Shading Mode"},"sceneLighting":false,"audioPlay":false,"sceneViewState":{"showFog":true,"showMaterialUpdate":false,"showSkybox":false,"showFlares":true,"showImageEffects":true,"showParticleSystems":true},"in2DMode":false,"pivot":{"x":-3.459780216217041,"y":29.05142593383789,"z":-1.9732770919799805},"rotation":{"x":0.23329977691173554,"y":-0.01545861829072237,"z":0.0037093497812747957,"w":0.972274899482727},"size":14.35818099975586,"orthographic":false}