{"cameraMode":{"drawMode":0,"name":"Shaded","section":"Shading Mode"},"sceneLighting":false,"audioPlay":false,"sceneViewState":{"showFog":true,"showMaterialUpdate":false,"showSkybox":false,"showFlares":true,"showImageEffects":true,"showParticleSystems":true},"in2DMode":false,"pivot":{"x":1.4213154315948487,"y":19.653671264648439,"z":-8.380216598510743},"rotation":{"x":0.10629743337631226,"y":0.005072836298495531,"z":-0.0005422870744951069,"w":0.9943212866783142},"size":28.690040588378908,"orthographic":false}
