{"cameraMode":{"drawMode":0,"name":"Shaded","section":"Shading Mode"},"sceneLighting":false,"audioPlay":false,"sceneViewState":{"showFog":true,"showMaterialUpdate":false,"showSkybox":false,"showFlares":true,"showImageEffects":true,"showParticleSystems":true},"in2DMode":false,"pivot":{"x":44.01093292236328,"y":-4.761310577392578,"z":-30.59302520751953},"rotation":{"x":-0.030467811971902849,"y":-0.8860480189323425,"z":0.05884559825062752,"w":-0.4589155912399292},"size":60.01556396484375,"orthographic":false}