{"cameraMode":{"drawMode":0,"name":"Shaded","section":"Shading Mode"},"sceneLighting":false,"audioPlay":false,"sceneViewState":{"showFog":true,"showMaterialUpdate":false,"showSkybox":false,"showFlares":true,"showImageEffects":true,"showParticleSystems":true},"in2DMode":false,"pivot":{"x":-0.8546608686447144,"y":-0.5612170100212097,"z":18.681989669799806},"rotation":{"x":0.06287164241075516,"y":0.0523717924952507,"z":-0.0033038018736988308,"w":0.9966416954994202},"size":45.912567138671878,"orthographic":false}