{"cameraMode":{"drawMode":0,"name":"Shaded","section":"Shading Mode"},"sceneLighting":false,"audioPlay":false,"sceneViewState":{"showFog":true,"showMaterialUpdate":false,"showSkybox":false,"showFlares":true,"showImageEffects":true,"showParticleSystems":true},"in2DMode":false,"pivot":{"x":-20.173311233520509,"y":0.2631072998046875,"z":141.24520874023438},"rotation":{"x":-0.11541807651519776,"y":0.04825197905302048,"z":-0.005624914076179266,"w":-0.9921619892120361},"size":153.55667114257813,"orthographic":false}