{"cameraMode":{"drawMode":0,"name":"Shaded","section":"Shading Mode"},"sceneLighting":false,"audioPlay":false,"sceneViewState":{"showFog":true,"showMaterialUpdate":false,"showSkybox":false,"showFlares":true,"showImageEffects":true,"showParticleSystems":true},"in2DMode":false,"pivot":{"x":0.15216872096061707,"y":-0.030086517333984376,"z":-1.0122015476226807},"rotation":{"x":-0.27181607484817507,"y":-0.5722194910049439,"z":0.208768829703331,"w":-0.7451112270355225},"size":6.076905250549316,"orthographic":false}