{"cameraMode":{"drawMode":0,"name":"Shaded","section":"Shading Mode"},"sceneLighting":false,"audioPlay":false,"sceneViewState":{"showFog":true,"showMaterialUpdate":false,"showSkybox":false,"showFlares":true,"showImageEffects":true,"showParticleSystems":true},"in2DMode":false,"pivot":{"x":-74.63299560546875,"y":-19.142627716064454,"z":362.5455017089844},"rotation":{"x":-0.06595279276371002,"y":0.09623631089925766,"z":-0.006410760339349508,"w":-0.9931932687759399},"size":403.6448059082031,"orthographic":false}
