{"cameraMode":{"drawMode":0,"name":"Shaded","section":"Shading Mode"},"sceneLighting":true,"audioPlay":false,"sceneViewState":{"showFog":true,"showMaterialUpdate":false,"showSkybox":true,"showFlares":true,"showImageEffects":true,"showParticleSystems":true},"in2DMode":false,"pivot":{"x":243.90565490722657,"y":98.15117645263672,"z":48.511016845703128},"rotation":{"x":-0.06626677513122559,"y":0.0035832992289215328,"z":-0.00030906288884580135,"w":-0.9978674054145813},"size":347.1200256347656,"orthographic":false}