{"cameraMode":{"drawMode":0,"name":"Shaded","section":"Shading Mode"},"sceneLighting":false,"audioPlay":false,"sceneViewState":{"showFog":true,"showMaterialUpdate":false,"showSkybox":false,"showFlares":true,"showImageEffects":true,"showParticleSystems":true},"in2DMode":false,"pivot":{"x":2.6073358058929445,"y":16.532550811767579,"z":135.89927673339845},"rotation":{"x":-0.07521556317806244,"y":-0.02632732503116131,"z":0.001981243724003434,"w":-0.9968593716621399},"size":153.55667114257813,"orthographic":false}