{"cameraMode":{"drawMode":0,"name":"Shaded","section":"Shading Mode"},"sceneLighting":false,"audioPlay":false,"sceneViewState":{"showFog":true,"showMaterialUpdate":false,"showSkybox":false,"showFlares":true,"showImageEffects":true,"showParticleSystems":true},"in2DMode":false,"pivot":{"x":2.1905202865600588,"y":9.722249984741211,"z":7.3632049560546879},"rotation":{"x":0.19278928637504579,"y":-0.09842948615550995,"z":0.019440924748778344,"w":0.976099967956543},"size":30.860519409179689,"orthographic":false}