{"cameraMode":{"drawMode":0,"name":"Shaded","section":"Shading Mode"},"sceneLighting":false,"audioPlay":false,"sceneViewState":{"showFog":true,"showMaterialUpdate":false,"showSkybox":false,"showFlares":true,"showImageEffects":true,"showParticleSystems":true},"in2DMode":false,"pivot":{"x":-0.13115978240966798,"y":11.63743782043457,"z":-3.308238983154297},"rotation":{"x":0.0014937493251636625,"y":0.09435997903347016,"z":-0.00013888091780245304,"w":0.995542049407959},"size":39.2934455871582,"orthographic":false}
