{"cameraMode":{"drawMode":0,"name":"Shaded","section":"Shading Mode"},"sceneLighting":false,"audioPlay":false,"sceneViewState":{"showFog":true,"showMaterialUpdate":false,"showSkybox":false,"showFlares":true,"showImageEffects":true,"showParticleSystems":true},"in2DMode":false,"pivot":{"x":-1.093062400817871,"y":21.46392250061035,"z":-3.3514137268066408},"rotation":{"x":-0.13341256976127625,"y":-0.005357455927878618,"z":0.0007091821753419936,"w":-0.9910756945610046},"size":20.74880599975586,"orthographic":false}