{"cameraMode":{"drawMode":0,"name":"Shaded","section":"Shading Mode"},"sceneLighting":false,"audioPlay":false,"sceneViewState":{"showFog":true,"showMaterialUpdate":false,"showSkybox":false,"showFlares":true,"showImageEffects":true,"showParticleSystems":true},"in2DMode":false,"pivot":{"x":-6.471085071563721,"y":32.92306900024414,"z":2.584827423095703},"rotation":{"x":-0.04073449969291687,"y":0.05602378770709038,"z":-0.0022903643548488619,"w":-0.9976304173469544},"size":22.284469604492189,"orthographic":false}