{"cameraMode":{"drawMode":0,"name":"Shaded","section":"Shading Mode"},"sceneLighting":true,"audioPlay":false,"sceneViewState":{"showFog":true,"showMaterialUpdate":false,"showSkybox":true,"showFlares":true,"showImageEffects":true,"showParticleSystems":true},"in2DMode":false,"pivot":{"x":-8.311034202575684,"y":-2.51375675201416,"z":33.270172119140628},"rotation":{"x":-0.06626677513122559,"y":0.0035832992289215328,"z":-0.00030906288884580135,"w":-0.9978674054145813},"size":59.46266555786133,"orthographic":false}