{"cameraMode":{"drawMode":0,"name":"Shaded","section":"Shading Mode"},"sceneLighting":false,"audioPlay":false,"sceneViewState":{"showFog":true,"showMaterialUpdate":false,"showSkybox":false,"showFlares":true,"showImageEffects":true,"showParticleSystems":true},"in2DMode":false,"pivot":{"x":-11.245556831359864,"y":-15.625785827636719,"z":129.987060546875},"rotation":{"x":-0.04528443515300751,"y":0.02306951768696308,"z":-0.0010396043071523309,"w":-0.9987317323684692},"size":151.47251892089845,"orthographic":false}