{"cameraMode":{"drawMode":0,"name":"Shaded","section":"Shading Mode"},"sceneLighting":false,"audioPlay":false,"sceneViewState":{"showFog":true,"showMaterialUpdate":false,"showSkybox":false,"showFlares":true,"showImageEffects":true,"showParticleSystems":true},"in2DMode":false,"pivot":{"x":-6.523012638092041,"y":3.8551151752471926,"z":87.30298614501953},"rotation":{"x":-0.02429272048175335,"y":-0.04138500988483429,"z":0.0009348168387077749,"w":-0.9989191889762878},"size":71.9882583618164,"orthographic":false}