{"cameraMode":{"drawMode":0,"name":"Shaded","section":"Shading Mode"},"sceneLighting":false,"audioPlay":false,"sceneViewState":{"showFog":true,"showMaterialUpdate":false,"showSkybox":false,"showFlares":true,"showImageEffects":true,"showParticleSystems":true},"in2DMode":false,"pivot":{"x":-120.65547180175781,"y":37.223480224609378,"z":-49.33045196533203},"rotation":{"x":-0.12447073310613632,"y":-0.017269762232899667,"z":0.002154979621991515,"w":-0.9921014308929443},"size":51.191436767578128,"orthographic":false}