{"cameraMode":{"drawMode":0,"name":"Shaded","section":"Shading Mode"},"sceneLighting":false,"audioPlay":false,"sceneViewState":{"showFog":true,"showMaterialUpdate":false,"showSkybox":false,"showFlares":true,"showImageEffects":true,"showParticleSystems":true},"in2DMode":false,"pivot":{"x":-9.231679916381836,"y":37.17662811279297,"z":-11.370637893676758},"rotation":{"x":-0.09168427437543869,"y":-0.0009008419583551586,"z":0.00007651153282495216,"w":-0.9958242774009705},"size":8.497087478637696,"orthographic":false}