{"cameraMode":{"drawMode":0,"name":"Shaded","section":"Shading Mode"},"sceneLighting":false,"audioPlay":false,"sceneViewState":{"showFog":true,"showMaterialUpdate":false,"showSkybox":false,"showFlares":true,"showImageEffects":true,"showParticleSystems":true},"in2DMode":false,"pivot":{"x":-3.8402347564697267,"y":23.701173782348634,"z":0.3465404510498047},"rotation":{"x":0.13904030621051789,"y":0.01039780955761671,"z":-0.001459977007471025,"w":0.9902310967445374},"size":16.679040908813478,"orthographic":false}