{"cameraMode":{"drawMode":0,"name":"Shaded","section":"Shading Mode"},"sceneLighting":false,"audioPlay":false,"sceneViewState":{"showFog":true,"showMaterialUpdate":false,"showSkybox":false,"showFlares":true,"showImageEffects":true,"showParticleSystems":true},"in2DMode":false,"pivot":{"x":-12.580416679382325,"y":-28.378700256347658,"z":367.7938537597656},"rotation":{"x":-0.05278265103697777,"y":0.012577224522829056,"z":-0.0006848122575320303,"w":-0.9985690712928772},"size":387.33465576171877,"orthographic":false}