{"cameraMode":{"drawMode":0,"name":"Shaded","section":"Shading Mode"},"sceneLighting":false,"audioPlay":false,"sceneViewState":{"showFog":true,"showMaterialUpdate":false,"showSkybox":false,"showFlares":true,"showImageEffects":true,"showParticleSystems":true},"in2DMode":false,"pivot":{"x":-3.0439553260803224,"y":9.755902290344239,"z":-6.279292106628418},"rotation":{"x":-0.010496518574655056,"y":-0.02489415556192398,"z":-0.00026138225803151727,"w":0.9996349215507507},"size":14.35818099975586,"orthographic":false}
