{"cameraMode":{"drawMode":0,"name":"Shaded","section":"Shading Mode"},"sceneLighting":false,"audioPlay":false,"sceneViewState":{"showFog":true,"showMaterialUpdate":false,"showSkybox":false,"showFlares":true,"showImageEffects":true,"showParticleSystems":true},"in2DMode":false,"pivot":{"x":6.204599857330322,"y":-6.5608062744140629,"z":45.437217712402347},"rotation":{"x":-0.060230448842048648,"y":-0.03832599148154259,"z":0.00231879367493093,"w":-0.9974666833877564},"size":58.191001892089847,"orthographic":false}