{"cameraMode":{"drawMode":0,"name":"Shaded","section":"Shading Mode"},"sceneLighting":false,"audioPlay":false,"sceneViewState":{"showFog":true,"showMaterialUpdate":false,"showSkybox":false,"showFlares":true,"showImageEffects":true,"showParticleSystems":true},"in2DMode":false,"pivot":{"x":0.9453336000442505,"y":13.837425231933594,"z":-1.2472648620605469},"rotation":{"x":-0.06623992323875427,"y":0.026035642251372339,"z":-0.001740661566145718,"w":-0.9974920749664307},"size":46.67873764038086,"orthographic":false}