{"cameraMode":{"drawMode":0,"name":"Shaded","section":"Shading Mode"},"sceneLighting":false,"audioPlay":false,"sceneViewState":{"showFog":true,"showMaterialUpdate":false,"showSkybox":false,"showFlares":true,"showImageEffects":true,"showParticleSystems":true},"in2DMode":false,"pivot":{"x":-119.12381744384766,"y":18.63642692565918,"z":-69.00346374511719},"rotation":{"x":0.14418993890285493,"y":0.10370094329118729,"z":-0.015193312428891659,"w":0.983989953994751},"size":29.15231704711914,"orthographic":false}