{"cameraMode":{"drawMode":0,"name":"Shaded","section":"Shading Mode"},"sceneLighting":true,"audioPlay":false,"sceneViewState":{"showFog":true,"showMaterialUpdate":false,"showSkybox":true,"showFlares":true,"showImageEffects":true,"showParticleSystems":true},"in2DMode":false,"pivot":{"x":103.30352783203125,"y":-194.7397003173828,"z":-540.134765625},"rotation":{"x":-0.018650047481060029,"y":-0.9788938164710999,"z":0.175410658121109,"w":-0.10404516756534577},"size":613.3881225585938,"orthographic":false}
