{"cameraMode":{"drawMode":0,"name":"Shaded","section":"Shading Mode"},"sceneLighting":false,"audioPlay":false,"sceneViewState":{"showFog":true,"showMaterialUpdate":false,"showSkybox":false,"showFlares":true,"showImageEffects":true,"showParticleSystems":true},"in2DMode":false,"pivot":{"x":-7.244638442993164,"y":22.657947540283204,"z":32.289554595947269},"rotation":{"x":-0.08120031654834748,"y":0.02301732636988163,"z":-0.00188743625767529,"w":-0.9964596629142761},"size":61.543739318847659,"orthographic":false}