{"cameraMode":{"drawMode":0,"name":"Shaded","section":"Shading Mode"},"sceneLighting":false,"audioPlay":false,"sceneViewState":{"showFog":true,"showMaterialUpdate":false,"showSkybox":false,"showFlares":true,"showImageEffects":true,"showParticleSystems":true},"in2DMode":false,"pivot":{"x":-121.66311645507813,"y":32.09696578979492,"z":-68.3198013305664},"rotation":{"x":-0.06623992323875427,"y":0.026035642251372339,"z":-0.001740661566145718,"w":-0.9974920749664307},"size":38.91328811645508,"orthographic":false}