{"cameraMode":{"drawMode":0,"name":"Shaded","section":"Shading Mode"},"sceneLighting":false,"audioPlay":false,"sceneViewState":{"showFog":true,"showMaterialUpdate":false,"showSkybox":false,"showFlares":true,"showImageEffects":true,"showParticleSystems":true},"in2DMode":false,"pivot":{"x":-0.2566831111907959,"y":-0.06104898452758789,"z":-1.5102894306182862},"rotation":{"x":-0.04368046671152115,"y":-0.2644534707069397,"z":0.011996692977845669,"w":-0.9633830785751343},"size":2.8578836917877199,"orthographic":false}