{"cameraMode":{"drawMode":0,"name":"Shaded","section":"Shading Mode"},"sceneLighting":false,"audioPlay":false,"sceneViewState":{"showFog":true,"showMaterialUpdate":false,"showSkybox":false,"showFlares":true,"showImageEffects":true,"showParticleSystems":true},"in2DMode":false,"pivot":{"x":-1.8701796531677247,"y":13.190105438232422,"z":-27.022329330444337},"rotation":{"x":0.17863233387470246,"y":-0.03334096819162369,"z":-0.006136270239949226,"w":-0.983397364616394},"size":19.107797622680665,"orthographic":false}
