{"cameraMode":{"drawMode":0,"name":"Shaded","section":"Shading Mode"},"sceneLighting":false,"audioPlay":false,"sceneViewState":{"showFog":true,"showMaterialUpdate":false,"showSkybox":false,"showFlares":true,"showImageEffects":true,"showParticleSystems":true},"in2DMode":false,"pivot":{"x":0.9871385097503662,"y":4.320808410644531,"z":-4.5296525955200199},"rotation":{"x":0.04040076956152916,"y":-0.06589805334806442,"z":0.002670328365638852,"w":0.9970049262046814},"size":25.455379486083986,"orthographic":false}