{"cameraMode":{"drawMode":0,"name":"Shaded","section":"Shading Mode"},"sceneLighting":true,"audioPlay":false,"sceneViewState":{"showFog":true,"showMaterialUpdate":false,"showSkybox":true,"showFlares":true,"showImageEffects":true,"showParticleSystems":true},"in2DMode":false,"pivot":{"x":-7.35943078994751,"y":11.230708122253418,"z":24.908170700073243},"rotation":{"x":-0.1095920130610466,"y":-0.006861677393317223,"z":0.0007690848433412612,"w":-0.9939882159233093},"size":69.53677368164063,"orthographic":false}