{"cameraMode":{"drawMode":0,"name":"Shaded","section":"Shading Mode"},"sceneLighting":false,"audioPlay":false,"sceneViewState":{"showFog":true,"showMaterialUpdate":false,"showSkybox":false,"showFlares":true,"showImageEffects":true,"showParticleSystems":true},"in2DMode":false,"pivot":{"x":0.9527711868286133,"y":-6.6046462059021,"z":41.86100769042969},"rotation":{"x":-0.07813245803117752,"y":-0.050229594111442569,"z":0.003948629833757877,"w":-0.9956902265548706},"size":58.54594802856445,"orthographic":false}