{"cameraMode":{"drawMode":0,"name":"Shaded","section":"Shading Mode"},"sceneLighting":false,"audioPlay":false,"sceneViewState":{"showFog":true,"showMaterialUpdate":false,"showSkybox":false,"showFlares":true,"showImageEffects":true,"showParticleSystems":true},"in2DMode":false,"pivot":{"x":-33.51261520385742,"y":33.9293327331543,"z":-38.953887939453128},"rotation":{"x":-0.043737128376960757,"y":-0.05183024704456329,"z":0.002271271776407957,"w":-0.9977006316184998},"size":0.00005715767838410102,"orthographic":false}