{"cameraMode":{"drawMode":0,"name":"Shaded","section":"Shading Mode"},"sceneLighting":false,"audioPlay":false,"sceneViewState":{"showFog":true,"showMaterialUpdate":false,"showSkybox":false,"showFlares":true,"showImageEffects":true,"showParticleSystems":true},"in2DMode":false,"pivot":{"x":-22.617919921875,"y":2.575773239135742,"z":16.091598510742189},"rotation":{"x":0.21934737265110017,"y":-0.17825591564178468,"z":0.04079849645495415,"w":0.958371102809906},"size":58.429569244384769,"orthographic":false}