{"cameraMode":{"drawMode":0,"name":"Shaded","section":"Shading Mode"},"sceneLighting":false,"audioPlay":false,"sceneViewState":{"showFog":true,"showMaterialUpdate":false,"showSkybox":false,"showFlares":true,"showImageEffects":true,"showParticleSystems":true},"in2DMode":false,"pivot":{"x":0.1996605545282364,"y":24.783382415771486,"z":-4.213099956512451},"rotation":{"x":0.060650844126939777,"y":0.1615825891494751,"z":-0.009952392429113388,"w":0.9849563241004944},"size":3.4241085052490236,"orthographic":false}