{"cameraMode":{"drawMode":0,"name":"Shaded","section":"Shading Mode"},"sceneLighting":false,"audioPlay":false,"sceneViewState":{"showFog":true,"showMaterialUpdate":false,"showSkybox":false,"showFlares":true,"showImageEffects":true,"showParticleSystems":true},"in2DMode":false,"pivot":{"x":-10.97140121459961,"y":3.130707025527954,"z":3.0105438232421877},"rotation":{"x":0.11055319011211395,"y":-0.06257108598947525,"z":0.006975844036787748,"w":0.9918813109397888},"size":35.386634826660159,"orthographic":false}