{"cameraMode":{"drawMode":0,"name":"Shaded","section":"Shading Mode"},"sceneLighting":false,"audioPlay":false,"sceneViewState":{"showFog":true,"showMaterialUpdate":false,"showSkybox":false,"showFlares":true,"showImageEffects":true,"showParticleSystems":true},"in2DMode":false,"pivot":{"x":-0.19631364941596986,"y":-0.21289634704589845,"z":-1.3833303451538087},"rotation":{"x":0.25659576058387759,"y":0.0034809173084795477,"z":-0.0009240673389285803,"w":0.9665127396583557},"size":6.677884101867676,"orthographic":false}