{"cameraMode":{"drawMode":0,"name":"Shaded","section":"Shading Mode"},"sceneLighting":false,"audioPlay":false,"sceneViewState":{"showFog":true,"showMaterialUpdate":false,"showSkybox":false,"showFlares":true,"showImageEffects":true,"showParticleSystems":true},"in2DMode":false,"pivot":{"x":1.4901161193847657e-7,"y":0.3998471796512604,"z":5.960464477539063e-8},"rotation":{"x":-0.0913773775100708,"y":0.08116600662469864,"z":-0.007484621834009886,"w":-0.9925097227096558},"size":2.285101890563965,"orthographic":false}