{"cameraMode":{"drawMode":0,"name":"Shaded","section":"Shading Mode"},"sceneLighting":false,"audioPlay":false,"sceneViewState":{"showFog":true,"showMaterialUpdate":false,"showSkybox":false,"showFlares":true,"showImageEffects":true,"showParticleSystems":true},"in2DMode":false,"pivot":{"x":-1.5779138803482056,"y":21.750879287719728,"z":111.74369812011719},"rotation":{"x":-0.022497130557894708,"y":-0.003011015709489584,"z":0.00006588590622413903,"w":-0.9998056292533875},"size":147.910888671875,"orthographic":false}