{"cameraMode":{"drawMode":0,"name":"Shaded","section":"Shading Mode"},"sceneLighting":false,"audioPlay":false,"sceneViewState":{"showFog":true,"showMaterialUpdate":false,"showSkybox":false,"showFlares":true,"showImageEffects":true,"showParticleSystems":true},"in2DMode":false,"pivot":{"x":-72.7620849609375,"y":24.438488006591798,"z":76.32852172851563},"rotation":{"x":0.08743665367364884,"y":-0.23035675287246705,"z":0.0208192877471447,"w":0.9689927101135254},"size":161.5223846435547,"orthographic":false}