{"cameraMode":{"drawMode":0,"name":"Shaded","section":"Shading Mode"},"sceneLighting":false,"audioPlay":false,"sceneViewState":{"showFog":true,"showMaterialUpdate":false,"showSkybox":false,"showFlares":true,"showImageEffects":true,"showParticleSystems":true},"in2DMode":false,"pivot":{"x":-4.39902925491333,"y":29.181720733642579,"z":83.47866821289063},"rotation":{"x":0.015315137803554535,"y":-0.009319529868662358,"z":-0.00020977684471290559,"w":0.9999887347221375},"size":153.73333740234376,"orthographic":false}