{"cameraMode":{"drawMode":0,"name":"Shaded","section":"Shading Mode"},"sceneLighting":false,"audioPlay":false,"sceneViewState":{"showFog":true,"showMaterialUpdate":false,"showSkybox":false,"showFlares":true,"showImageEffects":true,"showParticleSystems":true},"in2DMode":false,"pivot":{"x":-2.387454032897949,"y":-12.337207794189454,"z":69.08892059326172},"rotation":{"x":-0.1494552344083786,"y":-0.06315083056688309,"z":0.009531372226774693,"w":-0.9867950677871704},"size":112.33502197265625,"orthographic":false}