{"cameraMode":{"drawMode":0,"name":"Shaded","section":"Shading Mode"},"sceneLighting":false,"audioPlay":false,"sceneViewState":{"showFog":true,"showMaterialUpdate":false,"showSkybox":false,"showFlares":true,"showImageEffects":true,"showParticleSystems":true},"in2DMode":false,"pivot":{"x":-0.000023365020751953125,"y":0.11339414864778519,"z":5.960464477539063e-8},"rotation":{"x":0.07628808915615082,"y":0.05978882685303688,"z":-0.004582888446748257,"w":0.995283305644989},"size":2.734639883041382,"orthographic":false}