{"cameraMode":{"drawMode":0,"name":"Shaded","section":"Shading Mode"},"sceneLighting":false,"audioPlay":false,"sceneViewState":{"showFog":true,"showMaterialUpdate":false,"showSkybox":false,"showFlares":true,"showImageEffects":true,"showParticleSystems":true},"in2DMode":false,"pivot":{"x":1.3506946563720704,"y":2.3739089965820314,"z":1.2240703105926514},"rotation":{"x":0.005993924103677273,"y":-0.04498404636979103,"z":0.0002697860181797296,"w":0.9989725947380066},"size":5.874636650085449,"orthographic":false}