{"cameraMode":{"drawMode":0,"name":"Shaded","section":"Shading Mode"},"sceneLighting":false,"audioPlay":false,"sceneViewState":{"showFog":true,"showMaterialUpdate":false,"showSkybox":false,"showFlares":true,"showImageEffects":true,"showParticleSystems":true},"in2DMode":false,"pivot":{"x":0.012282848358154297,"y":1.1682498455047608,"z":0.0000021457672119140627},"rotation":{"x":-0.11100131273269654,"y":-0.039948850870132449,"z":0.00462016137316823,"w":-0.9931580424308777},"size":8.264128684997559,"orthographic":false}