{"cameraMode":{"drawMode":0,"name":"Shaded","section":"Shading Mode"},"sceneLighting":false,"audioPlay":false,"sceneViewState":{"showFog":true,"showMaterialUpdate":false,"showSkybox":false,"showFlares":true,"showImageEffects":true,"showParticleSystems":true},"in2DMode":false,"pivot":{"x":-135.9245147705078,"y":16.310623168945314,"z":0.0},"rotation":{"x":0.0853552296757698,"y":-0.030779704451560975,"z":0.002638360019773245,"w":0.9958733320236206},"size":37.870025634765628,"orthographic":false}