{"cameraMode":{"drawMode":0,"name":"Shaded","section":"Shading Mode"},"sceneLighting":false,"audioPlay":false,"sceneViewState":{"showFog":true,"showMaterialUpdate":false,"showSkybox":false,"showFlares":true,"showImageEffects":true,"showParticleSystems":true},"in2DMode":false,"pivot":{"x":0.0,"y":21.049999237060548,"z":-0.2049999237060547},"rotation":{"x":-0.04679245129227638,"y":-0.01139047835022211,"z":0.000517925014719367,"w":-0.9988828897476196},"size":94.47137451171875,"orthographic":false}