{"cameraMode":{"drawMode":0,"name":"Shaded","section":"Shading Mode"},"sceneLighting":false,"audioPlay":false,"sceneViewState":{"showFog":true,"showMaterialUpdate":false,"showSkybox":false,"showFlares":true,"showImageEffects":true,"showParticleSystems":true},"in2DMode":false,"pivot":{"x":0.138427734375,"y":1.4725419282913209,"z":0.19326019287109376},"rotation":{"x":-0.06627129763364792,"y":0.006277160253375769,"z":-0.0002921010018326342,"w":-0.9979361295700073},"size":6.148670196533203,"orthographic":false}