{"cameraMode":{"drawMode":0,"name":"Shaded","section":"Shading Mode"},"sceneLighting":true,"audioPlay":false,"sceneViewState":{"showFog":true,"showMaterialUpdate":false,"showSkybox":true,"showFlares":true,"showImageEffects":true,"showParticleSystems":true},"in2DMode":false,"pivot":{"x":-134.9141082763672,"y":18.182777404785158,"z":-0.9255213737487793},"rotation":{"x":0.02835852839052677,"y":-0.09819985181093216,"z":0.0027991116512566807,"w":0.9947617053985596},"size":6.592047691345215,"orthographic":false}