{"cameraMode":{"drawMode":0,"name":"Shaded","section":"Shading Mode"},"sceneLighting":false,"audioPlay":false,"sceneViewState":{"showFog":true,"showMaterialUpdate":false,"showSkybox":false,"showFlares":true,"showImageEffects":true,"showParticleSystems":true},"in2DMode":false,"pivot":{"x":-1.1906923055648804,"y":0.22022077441215516,"z":-0.7592127323150635},"rotation":{"x":0.17164111137390138,"y":0.007388653699308634,"z":-0.0012875311076641083,"w":0.9851325154304504},"size":7.003735542297363,"orthographic":false}