{"cameraMode":{"drawMode":0,"name":"Shaded","section":"Shading Mode"},"sceneLighting":false,"audioPlay":false,"sceneViewState":{"showFog":true,"showMaterialUpdate":false,"showSkybox":false,"showFlares":true,"showImageEffects":true,"showParticleSystems":true},"in2DMode":false,"pivot":{"x":-12.913641929626465,"y":21.35540771484375,"z":-22.279388427734376},"rotation":{"x":-0.19811269640922547,"y":-0.061110593378543857,"z":0.012463556602597237,"w":-0.9782997369766235},"size":18.860498428344728,"orthographic":false}