{"cameraMode":{"drawMode":0,"name":"Shaded","section":"Shading Mode"},"sceneLighting":false,"audioPlay":false,"sceneViewState":{"showFog":true,"showMaterialUpdate":false,"showSkybox":false,"showFlares":true,"showImageEffects":true,"showParticleSystems":true},"in2DMode":false,"pivot":{"x":-66.14973449707031,"y":4.510673522949219,"z":-0.696997344493866},"rotation":{"x":-0.18819597363471986,"y":-0.011468508280813694,"z":0.0024330609012395145,"w":-0.9822218418121338},"size":11.60548210144043,"orthographic":false}