{"cameraMode":{"drawMode":0,"name":"Shaded","section":"Shading Mode"},"sceneLighting":false,"audioPlay":false,"sceneViewState":{"showFog":true,"showMaterialUpdate":false,"showSkybox":false,"showFlares":true,"showImageEffects":true,"showParticleSystems":true},"in2DMode":false,"pivot":{"x":-0.43738794326782229,"y":26.27084732055664,"z":-3.52351975440979},"rotation":{"x":0.19585902988910676,"y":0.3828563690185547,"z":-0.08337464183568955,"w":0.8989962935447693},"size":18.69064712524414,"orthographic":false}