{"cameraMode":{"drawMode":0,"name":"Shaded","section":"Shading Mode"},"sceneLighting":false,"audioPlay":false,"sceneViewState":{"showFog":true,"showMaterialUpdate":false,"showSkybox":false,"showFlares":true,"showImageEffects":true,"showParticleSystems":true},"in2DMode":false,"pivot":{"x":7.097726821899414,"y":7.161795616149902,"z":73.50989532470703},"rotation":{"x":-0.013761531561613083,"y":-0.0922744870185852,"z":0.0011784015223383904,"w":-0.9957448840141296},"size":89.86155700683594,"orthographic":false}