{"cameraMode":{"drawMode":0,"name":"Shaded","section":"Shading Mode"},"sceneLighting":false,"audioPlay":false,"sceneViewState":{"showFog":true,"showMaterialUpdate":false,"showSkybox":false,"showFlares":true,"showImageEffects":true,"showParticleSystems":true},"in2DMode":false,"pivot":{"x":-130.9110870361328,"y":6.69758415222168,"z":-1.4883880615234376},"rotation":{"x":0.05093803629279137,"y":0.040439680218696597,"z":-0.002040599472820759,"w":0.997894287109375},"size":25.379573822021486,"orthographic":false}