{"cameraMode":{"drawMode":0,"name":"Shaded","section":"Shading Mode"},"sceneLighting":false,"audioPlay":false,"sceneViewState":{"showFog":true,"showMaterialUpdate":false,"showSkybox":false,"showFlares":true,"showImageEffects":true,"showParticleSystems":true},"in2DMode":false,"pivot":{"x":-5.171474456787109,"y":18.40492057800293,"z":15.518622398376465},"rotation":{"x":0.028801245614886285,"y":0.020660512149333955,"z":-0.0007517182966694236,"w":0.9995131492614746},"size":68.29261779785156,"orthographic":false}