{"cameraMode":{"drawMode":0,"name":"Shaded","section":"Shading Mode"},"sceneLighting":false,"audioPlay":false,"sceneViewState":{"showFog":true,"showMaterialUpdate":false,"showSkybox":false,"showFlares":true,"showImageEffects":true,"showParticleSystems":true},"in2DMode":false,"pivot":{"x":-0.7790393233299255,"y":0.7141491770744324,"z":-0.9630143642425537},"rotation":{"x":-0.0002685371146071702,"y":-0.2287139594554901,"z":0.00021390758047346026,"w":-0.9736493825912476},"size":1.7505062818527222,"orthographic":false}