{"cameraMode":{"drawMode":0,"name":"Shaded","section":"Shading Mode"},"sceneLighting":false,"audioPlay":false,"sceneViewState":{"showFog":true,"showMaterialUpdate":false,"showSkybox":false,"showFlares":true,"showImageEffects":true,"showParticleSystems":true},"in2DMode":false,"pivot":{"x":-3.334028482437134,"y":-16.97081184387207,"z":70.82782745361328},"rotation":{"x":-0.1496705412864685,"y":-0.03501462563872337,"z":0.005209165159612894,"w":-0.9882099032402039},"size":89.86155700683594,"orthographic":false}