{"cameraMode":{"drawMode":0,"name":"Shaded","section":"Shading Mode"},"sceneLighting":true,"audioPlay":false,"sceneViewState":{"showFog":true,"showMaterialUpdate":false,"showSkybox":true,"showFlares":true,"showImageEffects":true,"showParticleSystems":true},"in2DMode":false,"pivot":{"x":-134.8986358642578,"y":15.097616195678711,"z":16.421268463134767},"rotation":{"x":0.04947592318058014,"y":0.012586208991706372,"z":-0.0006234967149794102,"w":0.9986959099769592},"size":50.585174560546878,"orthographic":false}