{"cameraMode":{"drawMode":0,"name":"Shaded","section":"Shading Mode"},"sceneLighting":false,"audioPlay":false,"sceneViewState":{"showFog":true,"showMaterialUpdate":false,"showSkybox":false,"showFlares":true,"showImageEffects":true,"showParticleSystems":true},"in2DMode":false,"pivot":{"x":0.002065718173980713,"y":0.5754438638687134,"z":0.0},"rotation":{"x":-0.11100131273269654,"y":-0.039948850870132449,"z":0.00462016137316823,"w":-0.9931580424308777},"size":6.179698467254639,"orthographic":false}