{"cameraMode":{"drawMode":0,"name":"Shaded","section":"Shading Mode"},"sceneLighting":false,"audioPlay":false,"sceneViewState":{"showFog":true,"showMaterialUpdate":false,"showSkybox":false,"showFlares":true,"showImageEffects":true,"showParticleSystems":true},"in2DMode":false,"pivot":{"x":0.2772834897041321,"y":-0.14064264297485352,"z":-1.6081924438476563},"rotation":{"x":0.2663213908672333,"y":0.05346202850341797,"z":-0.014796127565205098,"w":0.9622902274131775},"size":7.3194756507873539,"orthographic":false}