{"cameraMode":{"drawMode":0,"name":"Shaded","section":"Shading Mode"},"sceneLighting":false,"audioPlay":false,"sceneViewState":{"showFog":true,"showMaterialUpdate":false,"showSkybox":false,"showFlares":true,"showImageEffects":true,"showParticleSystems":true},"in2DMode":false,"pivot":{"x":-54.49850845336914,"y":42.17976760864258,"z":-33.88381576538086},"rotation":{"x":-0.09151509404182434,"y":0.060290031135082248,"z":-0.0056470418348908428,"w":-0.9940513968467712},"size":17.033964157104493,"orthographic":false}