{"cameraMode":{"drawMode":0,"name":"Shaded","section":"Shading Mode"},"sceneLighting":false,"audioPlay":false,"sceneViewState":{"showFog":true,"showMaterialUpdate":false,"showSkybox":false,"showFlares":true,"showImageEffects":true,"showParticleSystems":true},"in2DMode":false,"pivot":{"x":-125.30348205566406,"y":29.936901092529298,"z":-69.1175537109375},"rotation":{"x":0.17903652787208558,"y":0.002068036701530218,"z":-0.00037557625910267234,"w":0.9838927388191223},"size":8.697633743286133,"orthographic":false}