{"cameraMode":{"drawMode":0,"name":"Shaded","section":"Shading Mode"},"sceneLighting":false,"audioPlay":false,"sceneViewState":{"showFog":true,"showMaterialUpdate":false,"showSkybox":false,"showFlares":true,"showImageEffects":true,"showParticleSystems":true},"in2DMode":false,"pivot":{"x":-0.016454696655273439,"y":0.4807659983634949,"z":-0.01656818389892578},"rotation":{"x":-0.11100131273269654,"y":-0.039948850870132449,"z":0.00462016137316823,"w":-0.9931580424308777},"size":8.175219535827637,"orthographic":false}