{"cameraMode":{"drawMode":0,"name":"Shaded","section":"Shading Mode"},"sceneLighting":false,"audioPlay":false,"sceneViewState":{"showFog":true,"showMaterialUpdate":false,"showSkybox":false,"showFlares":true,"showImageEffects":true,"showParticleSystems":true},"in2DMode":false,"pivot":{"x":0.0000016689300537109376,"y":2.2702341079711916,"z":0.000003814697265625},"rotation":{"x":-0.11702776700258255,"y":0.024130631238222123,"z":-0.0027197094168514015,"w":-0.9929866790771484},"size":16.493202209472658,"orthographic":false}