{"cameraMode":{"drawMode":0,"name":"Shaded","section":"Shading Mode"},"sceneLighting":false,"audioPlay":false,"sceneViewState":{"showFog":true,"showMaterialUpdate":false,"showSkybox":false,"showFlares":true,"showImageEffects":true,"showParticleSystems":true},"in2DMode":false,"pivot":{"x":-66.04000091552735,"y":8.329999923706055,"z":-0.38999998569488528},"rotation":{"x":0.1360577940940857,"y":0.016943391412496568,"z":-0.0023214223328977825,"w":0.9905669689178467},"size":13.576349258422852,"orthographic":false}