{"cameraMode":{"drawMode":0,"name":"Shaded","section":"Shading Mode"},"sceneLighting":false,"audioPlay":false,"sceneViewState":{"showFog":true,"showMaterialUpdate":false,"showSkybox":false,"showFlares":true,"showImageEffects":true,"showParticleSystems":true},"in2DMode":false,"pivot":{"x":-1.4886845350265504,"y":2.7056987285614015,"z":-1.6594901084899903},"rotation":{"x":0.25368690490722659,"y":-0.008705434389412403,"z":0.002283131005242467,"w":0.9672467708587647},"size":7.005441188812256,"orthographic":false}