{"cameraMode":{"drawMode":0,"name":"Shaded","section":"Shading Mode"},"sceneLighting":false,"audioPlay":false,"sceneViewState":{"showFog":true,"showMaterialUpdate":false,"showSkybox":false,"showFlares":true,"showImageEffects":true,"showParticleSystems":true},"in2DMode":false,"pivot":{"x":-0.0000019073486328125,"y":2.5030922889709474,"z":-0.016803979873657228},"rotation":{"x":0.07628808915615082,"y":0.05978882685303688,"z":-0.004582888446748257,"w":0.995283305644989},"size":12.998936653137207,"orthographic":false}