{"cameraMode":{"drawMode":0,"name":"Shaded","section":"Shading Mode"},"sceneLighting":false,"audioPlay":false,"sceneViewState":{"showFog":true,"showMaterialUpdate":false,"showSkybox":false,"showFlares":true,"showImageEffects":true,"showParticleSystems":true},"in2DMode":false,"pivot":{"x":-121.50616455078125,"y":23.412757873535158,"z":-71.58934020996094},"rotation":{"x":0.17903652787208558,"y":0.002068036701530218,"z":-0.00037557625910267234,"w":0.9838927388191223},"size":24.459579467773439,"orthographic":false}