{"cameraMode":{"drawMode":0,"name":"Shaded","section":"Shading Mode"},"sceneLighting":false,"audioPlay":false,"sceneViewState":{"showFog":true,"showMaterialUpdate":false,"showSkybox":false,"showFlares":true,"showImageEffects":true,"showParticleSystems":true},"in2DMode":false,"pivot":{"x":-17.562692642211915,"y":7.994886875152588,"z":-2.1246321201324465},"rotation":{"x":0.23867878317832948,"y":-0.080354243516922,"z":0.019732622429728509,"w":0.9677069783210754},"size":68.29261779785156,"orthographic":false}