{"cameraMode":{"drawMode":0,"name":"Shaded","section":"Shading Mode"},"sceneLighting":false,"audioPlay":false,"sceneViewState":{"showFog":true,"showMaterialUpdate":false,"showSkybox":false,"showFlares":true,"showImageEffects":true,"showParticleSystems":true},"in2DMode":false,"pivot":{"x":1.5887610912322999,"y":20.525867462158204,"z":73.60649871826172},"rotation":{"x":-0.0018081364687532187,"y":-0.07882893830537796,"z":0.0001056099499692209,"w":-0.9969768524169922},"size":94.1998062133789,"orthographic":false}