{"cameraMode":{"drawMode":0,"name":"Shaded","section":"Shading Mode"},"sceneLighting":false,"audioPlay":false,"sceneViewState":{"showFog":true,"showMaterialUpdate":false,"showSkybox":false,"showFlares":true,"showImageEffects":true,"showParticleSystems":true},"in2DMode":false,"pivot":{"x":-5.7041239738464359,"y":8.567675590515137,"z":40.28071975708008},"rotation":{"x":-0.11108329147100449,"y":0.005066572222858667,"z":-0.0005638421862386167,"w":-0.9938372373580933},"size":72.79676055908203,"orthographic":false}