{"cameraMode":{"drawMode":0,"name":"Shaded","section":"Shading Mode"},"sceneLighting":false,"audioPlay":false,"sceneViewState":{"showFog":true,"showMaterialUpdate":false,"showSkybox":false,"showFlares":true,"showImageEffects":true,"showParticleSystems":true},"in2DMode":false,"pivot":{"x":-3.8301808834075929,"y":15.734118461608887,"z":-2.063505172729492},"rotation":{"x":0.11224358528852463,"y":0.019976042211055757,"z":-0.002232423285022378,"w":0.9935177564620972},"size":21.949220657348634,"orthographic":false}