{"cameraMode":{"drawMode":0,"name":"Shaded","section":"Shading Mode"},"sceneLighting":false,"audioPlay":false,"sceneViewState":{"showFog":true,"showMaterialUpdate":false,"showSkybox":false,"showFlares":true,"showImageEffects":true,"showParticleSystems":true},"in2DMode":false,"pivot":{"x":-23.561372756958009,"y":26.47669792175293,"z":34.67839050292969},"rotation":{"x":0.01612766645848751,"y":0.09345892071723938,"z":0.0014277626760303975,"w":-0.9955979585647583},"size":89.86155700683594,"orthographic":false}