{"cameraMode":{"drawMode":0,"name":"Shaded","section":"Shading Mode"},"sceneLighting":false,"audioPlay":false,"sceneViewState":{"showFog":true,"showMaterialUpdate":false,"showSkybox":false,"showFlares":true,"showImageEffects":true,"showParticleSystems":true},"in2DMode":false,"pivot":{"x":-144.64999389648438,"y":2.5399999618530275,"z":-0.25999999046325686},"rotation":{"x":0.13156646490097047,"y":-0.027652190998196603,"z":0.003670914564281702,"w":0.9909191131591797},"size":2.8867452144622804,"orthographic":false}