{"cameraMode":{"drawMode":0,"name":"Shaded","section":"Shading Mode"},"sceneLighting":false,"audioPlay":false,"sceneViewState":{"showFog":true,"showMaterialUpdate":false,"showSkybox":false,"showFlares":true,"showImageEffects":true,"showParticleSystems":true},"in2DMode":false,"pivot":{"x":8.98440170288086,"y":21.100690841674806,"z":-14.72787094116211},"rotation":{"x":-0.03680910915136337,"y":0.1898091584444046,"z":0.007122879382222891,"w":0.9811177253723145},"size":100.70742797851563,"orthographic":false}