{"cameraMode":{"drawMode":0,"name":"Shaded","section":"Shading Mode"},"sceneLighting":false,"audioPlay":false,"sceneViewState":{"showFog":true,"showMaterialUpdate":false,"showSkybox":false,"showFlares":true,"showImageEffects":true,"showParticleSystems":true},"in2DMode":false,"pivot":{"x":-6.865694522857666,"y":16.831279754638673,"z":-1.9340839385986329},"rotation":{"x":0.08678034693002701,"y":-0.050186339765787128,"z":0.004408533684909344,"w":0.9949936270713806},"size":21.949220657348634,"orthographic":false}