{"cameraMode":{"drawMode":0,"name":"Shaded","section":"Shading Mode"},"sceneLighting":true,"audioPlay":false,"sceneViewState":{"showFog":true,"showMaterialUpdate":false,"showSkybox":true,"showFlares":true,"showImageEffects":true,"showParticleSystems":true},"in2DMode":false,"pivot":{"x":-12.709110260009766,"y":37.289276123046878,"z":21.112350463867189},"rotation":{"x":0.04928693547844887,"y":-0.08767981082201004,"z":0.004373602569103241,"w":0.99498051404953},"size":55.50025939941406,"orthographic":false}