{"cameraMode":{"drawMode":0,"name":"Shaded","section":"Shading Mode"},"sceneLighting":false,"audioPlay":false,"sceneViewState":{"showFog":true,"showMaterialUpdate":false,"showSkybox":false,"showFlares":true,"showImageEffects":true,"showParticleSystems":true},"in2DMode":false,"pivot":{"x":0.0,"y":1.7851872444152833,"z":0.000011444091796875},"rotation":{"x":-0.11702776700258255,"y":0.024130631238222123,"z":-0.0027197094168514015,"w":-0.9929866790771484},"size":15.481353759765625,"orthographic":false}