{"cameraMode":{"drawMode":0,"name":"Shaded","section":"Shading Mode"},"sceneLighting":false,"audioPlay":false,"sceneViewState":{"showFog":true,"showMaterialUpdate":false,"showSkybox":false,"showFlares":true,"showImageEffects":true,"showParticleSystems":true},"in2DMode":false,"pivot":{"x":-1.217708945274353,"y":0.7730563879013062,"z":-1.354844570159912},"rotation":{"x":-0.06627129763364792,"y":0.006277160253375769,"z":-0.0002921010018326342,"w":-0.9979361295700073},"size":6.988022327423096,"orthographic":false}