{"cameraMode":{"drawMode":0,"name":"Shaded","section":"Shading Mode"},"sceneLighting":false,"audioPlay":false,"sceneViewState":{"showFog":true,"showMaterialUpdate":false,"showSkybox":false,"showFlares":true,"showImageEffects":true,"showParticleSystems":true},"in2DMode":false,"pivot":{"x":11.843382835388184,"y":20.45624542236328,"z":97.14508819580078},"rotation":{"x":-0.04797026142477989,"y":-0.02248528227210045,"z":0.0010783636244013906,"w":-0.9986603260040283},"size":147.910888671875,"orthographic":false}