{"cameraMode":{"drawMode":0,"name":"Shaded","section":"Shading Mode"},"sceneLighting":false,"audioPlay":false,"sceneViewState":{"showFog":true,"showMaterialUpdate":false,"showSkybox":false,"showFlares":true,"showImageEffects":true,"showParticleSystems":true},"in2DMode":false,"pivot":{"x":0.0,"y":21.049999237060548,"z":-0.2049999237060547},"rotation":{"x":-0.025324078276753427,"y":-0.1931193321943283,"z":0.004974846262484789,"w":-0.9808558225631714},"size":94.47137451171875,"orthographic":false}