{"cameraMode":{"drawMode":0,"name":"Shaded","section":"Shading Mode"},"sceneLighting":false,"audioPlay":false,"sceneViewState":{"showFog":true,"showMaterialUpdate":false,"showSkybox":false,"showFlares":true,"showImageEffects":true,"showParticleSystems":true},"in2DMode":false,"pivot":{"x":-90.32891845703125,"y":25.253013610839845,"z":-6.5830841064453129},"rotation":{"x":0.0011712859850376845,"y":0.2846224009990692,"z":0.00023729316308163106,"w":-0.958733856678009},"size":57.267547607421878,"orthographic":false}