{"cameraMode":{"drawMode":0,"name":"Shaded","section":"Shading Mode"},"sceneLighting":false,"audioPlay":false,"sceneViewState":{"showFog":true,"showMaterialUpdate":false,"showSkybox":false,"showFlares":true,"showImageEffects":true,"showParticleSystems":true},"in2DMode":false,"pivot":{"x":-6.518365383148193,"y":25.846866607666017,"z":42.110172271728519},"rotation":{"x":0.06444454193115235,"y":0.018561951816082,"z":-0.0011986943427473307,"w":0.9977567195892334},"size":50.43522644042969,"orthographic":false}