{"cameraMode":{"drawMode":0,"name":"Shaded","section":"Shading Mode"},"sceneLighting":false,"audioPlay":false,"sceneViewState":{"showFog":true,"showMaterialUpdate":false,"showSkybox":false,"showFlares":true,"showImageEffects":true,"showParticleSystems":true},"in2DMode":false,"pivot":{"x":-1.7590901851654053,"y":6.596820831298828,"z":8.090702056884766},"rotation":{"x":0.21722412109375,"y":0.01669210195541382,"z":-0.0037182793021202089,"w":0.9759826064109802},"size":68.87710571289063,"orthographic":false}