{"cameraMode":{"drawMode":0,"name":"Shaded","section":"Shading Mode"},"sceneLighting":false,"audioPlay":false,"sceneViewState":{"showFog":true,"showMaterialUpdate":false,"showSkybox":false,"showFlares":true,"showImageEffects":true,"showParticleSystems":true},"in2DMode":false,"pivot":{"x":0.006832599639892578,"y":-1.4835541248321534,"z":0.01770874857902527},"rotation":{"x":0.015277623198926449,"y":0.05728595331311226,"z":-0.001070598023943603,"w":0.9984167814254761},"size":5.765908718109131,"orthographic":false}