{"cameraMode":{"drawMode":0,"name":"Shaded","section":"Shading Mode"},"sceneLighting":false,"audioPlay":false,"sceneViewState":{"showFog":true,"showMaterialUpdate":false,"showSkybox":false,"showFlares":true,"showImageEffects":true,"showParticleSystems":true},"in2DMode":false,"pivot":{"x":-0.0000019073486328125,"y":2.544753074645996,"z":0.0},"rotation":{"x":0.06444454193115235,"y":0.018561951816082,"z":-0.0011986943427473307,"w":0.9977567195892334},"size":12.776893615722657,"orthographic":false}