{"cameraMode":{"drawMode":0,"name":"Shaded","section":"Shading Mode"},"sceneLighting":false,"audioPlay":false,"sceneViewState":{"showFog":true,"showMaterialUpdate":false,"showSkybox":false,"showFlares":true,"showImageEffects":true,"showParticleSystems":true},"in2DMode":false,"pivot":{"x":-2.6342854499816896,"y":20.890731811523439,"z":-0.9306144714355469},"rotation":{"x":0.11224358528852463,"y":0.019976042211055757,"z":-0.002232423285022378,"w":0.9935177564620972},"size":51.138832092285159,"orthographic":false}