{"cameraMode":{"drawMode":0,"name":"Shaded","section":"Shading Mode"},"sceneLighting":false,"audioPlay":false,"sceneViewState":{"showFog":true,"showMaterialUpdate":false,"showSkybox":false,"showFlares":true,"showImageEffects":true,"showParticleSystems":true},"in2DMode":false,"pivot":{"x":-1.4961068630218506,"y":0.033895257860422137,"z":-1.5036736726760865},"rotation":{"x":-0.06627129763364792,"y":0.006277160253375769,"z":-0.0002921010018326342,"w":-0.9979361295700073},"size":6.9718475341796879,"orthographic":false}