{"cameraMode":{"drawMode":0,"name":"Shaded","section":"Shading Mode"},"sceneLighting":false,"audioPlay":false,"sceneViewState":{"showFog":true,"showMaterialUpdate":false,"showSkybox":false,"showFlares":true,"showImageEffects":true,"showParticleSystems":true},"in2DMode":false,"pivot":{"x":0.00026535987854003906,"y":0.4003734886646271,"z":-0.9999973177909851},"rotation":{"x":-0.06294399499893189,"y":-0.022466136142611505,"z":0.0014181502629071475,"w":-0.9978227615356445},"size":11.60548210144043,"orthographic":false}