{"cameraMode":{"drawMode":0,"name":"Shaded","section":"Shading Mode"},"sceneLighting":false,"audioPlay":false,"sceneViewState":{"showFog":true,"showMaterialUpdate":false,"showSkybox":false,"showFlares":true,"showImageEffects":true,"showParticleSystems":true},"in2DMode":false,"pivot":{"x":-0.016834139823913575,"y":-0.5037611126899719,"z":0.007645726203918457},"rotation":{"x":-0.11100131273269654,"y":-0.039948850870132449,"z":0.00462016137316823,"w":-0.9931580424308777},"size":10.785989761352539,"orthographic":false}