{"cameraMode":{"drawMode":0,"name":"Shaded","section":"Shading Mode"},"sceneLighting":false,"audioPlay":false,"sceneViewState":{"showFog":true,"showMaterialUpdate":false,"showSkybox":false,"showFlares":true,"showImageEffects":true,"showParticleSystems":true},"in2DMode":false,"pivot":{"x":-0.018180012702941896,"y":2.2726070880889894,"z":-0.016525745391845704},"rotation":{"x":0.07628808915615082,"y":0.05978882685303688,"z":-0.004582888446748257,"w":0.995283305644989},"size":11.77027702331543,"orthographic":false}