{"cameraMode":{"drawMode":0,"name":"Shaded","section":"Shading Mode"},"sceneLighting":false,"audioPlay":false,"sceneViewState":{"showFog":true,"showMaterialUpdate":false,"showSkybox":false,"showFlares":true,"showImageEffects":true,"showParticleSystems":true},"in2DMode":false,"pivot":{"x":0.007823914289474488,"y":1.2440619468688965,"z":0.008021563291549683},"rotation":{"x":-0.11100131273269654,"y":-0.039948850870132449,"z":0.00462016137316823,"w":-0.9931580424308777},"size":4.235233783721924,"orthographic":false}