{"cameraMode":{"drawMode":0,"name":"Shaded","section":"Shading Mode"},"sceneLighting":false,"audioPlay":false,"sceneViewState":{"m_AlwaysRefresh":false,"showFog":true,"showSkybox":false,"showFlares":true,"showImageEffects":true,"showParticleSystems":true,"showVisualEffectGraphs":true,"m_FxEnabled":true},"in2DMode":false,"pivot":{"x":-5.075563430786133,"y":20.759702682495118,"z":55.67194366455078},"rotation":{"x":0.03718018904328346,"y":-0.008399296551942826,"z":-0.0003069944214075804,"w":-0.9992822408676148},"size":47.57834243774414,"orthographic":false}