{"cameraMode":{"drawMode":0,"name":"Shaded","section":"Shading Mode"},"sceneLighting":false,"audioPlay":false,"sceneViewState":{"m_AlwaysRefresh":false,"showFog":true,"showSkybox":false,"showFlares":true,"showImageEffects":true,"showParticleSystems":true,"showVisualEffectGraphs":true,"m_FxEnabled":true},"in2DMode":false,"pivot":{"x":-6.257450103759766,"y":-4.875006675720215,"z":-0.5229995250701904},"rotation":{"x":0.0026893268804997207,"y":-0.02190275862812996,"z":-0.00005680679896613583,"w":-0.9997702240943909},"size":30.761255264282228,"orthographic":false}