{"cameraMode":{"drawMode":0,"name":"Shaded","section":"Shading Mode"},"sceneLighting":false,"audioPlay":false,"sceneViewState":{"m_AlwaysRefresh":false,"showFog":true,"showSkybox":false,"showFlares":true,"showImageEffects":true,"showParticleSystems":true,"showVisualEffectGraphs":true,"m_FxEnabled":true},"in2DMode":false,"pivot":{"x":-6.542860984802246,"y":11.626555442810059,"z":-11.809053421020508},"rotation":{"x":0.08340737968683243,"y":0.06631291657686234,"z":0.0055679501965641979,"w":-0.9943044185638428},"size":1.208245873451233,"orthographic":false}