{"cameraMode":{"drawMode":0,"name":"Shaded","section":"Shading Mode"},"sceneLighting":false,"audioPlay":false,"sceneViewState":{"m_AlwaysRefresh":false,"showFog":true,"showSkybox":false,"showFlares":true,"showImageEffects":true,"showParticleSystems":true,"showVisualEffectGraphs":true,"m_FxEnabled":true},"in2DMode":false,"pivot":{"x":2.7481319904327394,"y":40.438724517822269,"z":58.301204681396487},"rotation":{"x":0.1087624654173851,"y":-0.061994943767786029,"z":-0.006790782790631056,"w":-0.9921231269836426},"size":47.475337982177737,"orthographic":false}