{"cameraMode":{"drawMode":0,"name":"Shaded","section":"Shading Mode"},"sceneLighting":true,"audioPlay":false,"sceneViewState":{"m_AlwaysRefresh":false,"showFog":true,"showSkybox":true,"showFlares":true,"showImageEffects":true,"showParticleSystems":true,"showVisualEffectGraphs":true,"m_FxEnabled":true},"in2DMode":false,"pivot":{"x":-2.472561836242676,"y":7.889091968536377,"z":28.151979446411134},"rotation":{"x":0.010139781050384045,"y":-0.09973560273647309,"z":-0.0010094748577103019,"w":-0.9949765801429749},"size":23.167356491088868,"orthographic":false}