{"cameraMode":{"drawMode":0,"name":"Shaded","section":"Shading Mode"},"sceneLighting":false,"audioPlay":false,"sceneViewState":{"m_AlwaysRefresh":false,"showFog":true,"showSkybox":true,"showFlares":true,"showImageEffects":true,"showParticleSystems":true,"showVisualEffectGraphs":true,"m_FxEnabled":true},"in2DMode":false,"pivot":{"x":-13.093038558959961,"y":37.41677474975586,"z":12.525629043579102},"rotation":{"x":0.004056541249155998,"y":0.25136780738830569,"z":0.001047473750077188,"w":-0.9678969979286194},"size":9.107600212097168,"orthographic":false}