{"cameraMode":{"drawMode":0,"name":"Shaded","section":"Shading Mode"},"sceneLighting":false,"audioPlay":false,"sceneViewState":{"m_AlwaysRefresh":false,"showFog":true,"showSkybox":false,"showFlares":true,"showImageEffects":true,"showParticleSystems":true,"showVisualEffectGraphs":true,"m_FxEnabled":true},"in2DMode":false,"pivot":{"x":-0.5679641962051392,"y":28.69747543334961,"z":90.89483642578125},"rotation":{"x":-0.006308005657047033,"y":-0.02790139615535736,"z":0.00017812081205192953,"w":-0.9996005892753601},"size":47.85857009887695,"orthographic":false}