{"cameraMode":{"drawMode":0,"name":"Shaded","section":"Shading Mode"},"sceneLighting":false,"audioPlay":false,"sceneViewState":{"m_AlwaysRefresh":false,"showFog":true,"showSkybox":false,"showFlares":true,"showImageEffects":true,"showParticleSystems":true,"showVisualEffectGraphs":true,"m_FxEnabled":true},"in2DMode":false,"pivot":{"x":-0.5265174508094788,"y":0.43110623955726626,"z":0.24818916618824006},"rotation":{"x":-0.006300646811723709,"y":0.05756203457713127,"z":-0.00035057193599641323,"w":-0.9983322620391846},"size":1.1642467975616456,"orthographic":false}